#{"t_start": 1656794363.5113864, "env_id": "uav-v0"}
r,l,t
-7611.85204,600,26.430614
-13825.752339,600,52.296529
-14845.75027,600,78.148709
-10126.920239,600,115.508858
-13950.936049,600,141.388491
-5742.422889,600,185.605336
-12288.41286,600,222.935772
-8419.293952,600,248.824334
-20152.265726,600,274.723564
-2470.535311,600,300.61606
-12330.344782,600,356.237557
-20190.233502,600,382.128346
-2873.971193,600,408.015005
-22984.328317,600,445.238293
-992.893715,600,471.160076
-9554.780451,600,515.360981
-6802.971339,600,541.311317
-4700.109023,600,578.456992
-6768.709835,600,604.342699
-9119.315438,600,630.214275
-5033.261144,600,685.676799
-17840.37176,600,711.515167
-8785.075501,600,737.416722
-19525.129735,600,774.50372
-4077.032259,600,800.401234
-3269.135382,600,826.304332
-1531.721613,600,870.44005
-8934.294265,600,907.488345
-297.508547,600,933.403714
-12116.778868,600,959.318294
-2604.768086,600,996.469862
-786.484833,600,1040.746604
-266.298866,600,1066.696603
-3843.670463,600,1092.720858
-3129.090765,600,1129.69148
-1340.927275,600,1155.622548
-387.210741,600,1199.924408
-2002.055469,600,1236.938798
-1397.380863,600,1262.850915
-1819.549463,600,1288.757835
-2469.845823,600,1325.746825
-5741.38226,600,1370.084219
-938.040891,600,1395.974005
-5415.813517,600,1421.897839
-3238.200916,600,1458.834596
-3561.116917,600,1484.723509
-5923.988226,600,1528.852674
-5326.246882,600,1565.8319
-7130.96951,600,1591.753198
-2182.660786,600,1617.67508
-11057.84466,600,1643.681222
-9459.925952,600,1680.582492
-5252.443175,600,1724.792561
-44.197092,600,1750.767934
-1005.371456,600,1787.757715
-1098.346786,600,1813.781917
33.512041,600,1839.801563
-379.107218,600,1884.188859
-999.216443,600,1921.072232
-8508.312106,600,1947.027803
-3119.576232,600,1972.999439
-3363.60564,600,2009.934033
-883.208297,600,2054.116813
887.025425,600,2080.045475
-688.090448,600,2117.005795
-3393.259522,600,2142.951501
-3983.288881,600,2168.875655
951.877424,600,2213.241507
-480.245945,600,2250.158365
-3252.014358,600,2276.095328
-1613.366836,600,2302.091273
-799.445256,600,2338.972424
13.060179,600,2383.245016
1326.14052,600,2409.183789
1847.219818,600,2435.165461
-3372.195367,600,2472.072045
-714.244878,600,2497.967332
-3760.743699,600,2523.899423
-1248.178018,600,2579.251135
1561.846195,600,2605.210676
-6651.063918,600,2631.128683
-56.942375,600,2668.076558
52.232768,600,2694.063215
1033.468432,600,2738.193157
-2117.881822,600,2764.074816
1275.706071,600,2800.902688
-299.107382,600,2826.757275
392.210938,600,2852.629697
-962.437037,600,2907.846445
-430.683409,600,2933.811952
2439.24271,600,2959.692842
2634.289663,600,2985.644254
2406.248219,600,3022.611452
1566.775943,600,3066.797431
-2546.302688,600,3092.808258
-1483.195176,600,3129.679027
-930.926098,600,3155.627276
76.056515,600,3181.60196
-953.901617,600,3236.814194
-570.897063,600,3262.850828
-670.364685,600,3288.840594
-239.463021,600,3315.011384
1369.692388,600,3351.925695
-509.995685,600,3377.950984
1659.511589,600,3422.239816
1554.514677,600,3459.088064
610.705628,600,3485.027212
-1021.410925,600,3510.944928
-251.388317,600,3536.901676
-1869.737484,600,3592.089034
1542.091622,600,3618.080291
451.797388,600,3644.141239
-7.153947,600,3681.050562
933.371412,600,3707.058729
2583.785803,600,3751.291825
-2223.606449,600,3777.20911
-1655.833058,600,3813.995334
-3676.649454,600,3839.890612
605.130894,600,3866.349908
1929.31119,600,3921.623978
601.179691,600,3947.550477
-501.802704,600,3973.568781
-3957.119784,600,4010.472126
-2890.800004,600,4036.460364
-2758.795622,600,4062.395664
1040.252316,600,4106.676259
-730.794206,600,4143.511042
702.194596,600,4169.460081
-320.175359,600,4195.388764
2794.237142,600,4232.281491
-2057.486655,600,4276.529852
2006.716012,600,4302.551824
-3404.335535,600,4328.476762
387.207117,600,4365.348811
-1548.62543,600,4391.294732
416.137804,600,4435.582489
1487.370739,600,4472.445686
-912.572011,600,4498.428752
-105.404457,600,4524.44021
3315.543487,600,4561.253538
1835.430502,600,4605.484499
3590.04401,600,4631.462621
-777.642502,600,4657.385554
-1105.612834,600,4694.201417
-54.066524,600,4720.181849
936.204778,600,4764.599347
567.521386,600,4801.50895
563.845097,600,4827.553815
1445.065591,600,4853.681957
2674.583064,600,4879.680697
1345.667079,600,4916.579625
2160.919185,600,4960.871195
1668.083728,600,4986.84528
488.778365,600,5023.70833
2453.812444,600,5049.66405
1423.284304,600,5075.634606
1348.097289,600,5119.992454
244.720078,600,5156.866321
683.694159,600,5182.92129
225.244071,600,5208.825957
1949.799073,600,5245.738606
491.881781,600,5290.078936
2549.348723,600,5316.041574
197.418448,600,5352.836946
-880.653794,600,5378.792477
258.418107,600,5404.789617
3147.821985,600,5449.145262
-324.238901,600,5486.041413
-130.94919,600,5512.071301
147.17226,600,5538.023726
1585.890523,600,5574.866473
-58.152683,600,5619.23311
94.118585,600,5645.19841
4063.168305,600,5671.128803
4062.92324,600,5708.050645
2448.433219,600,5734.081922
926.574173,600,5760.056974
-1243.730032,600,5815.218598
2217.986089,600,5841.201972
3396.47036,600,5867.179014
774.236255,600,5903.923924
2156.981963,600,5929.861103
1812.515838,600,5974.231483
1445.354859,600,6000.176316
4781.365574,600,6037.042611
2745.766215,600,6062.963789
1818.943195,600,6088.98995
1303.34288,600,6144.173685
-5046.284561,600,6170.148317
-1724.326822,600,6196.181649
1016.769314,600,6222.126542
974.088284,600,6259.049249
1843.771251,600,6303.477674
460.185275,600,6329.387543
3261.793127,600,6366.242763
454.957894,600,6392.229622
1950.389365,600,6418.264791
2995.422048,600,6473.389167
1720.08775,600,6499.371952
1077.091502,600,6525.35021
2235.5228,600,6551.188782
2739.21833,600,6588.049536
3019.203003,600,6613.999002
-1060.103387,600,6658.438687
1705.245286,600,6695.315081
-316.593808,600,6721.252191
-83.625029,600,6747.285654
1533.556698,600,6773.198514
-6094.677192,600,6828.408321
303.994546,600,6854.496915
-7493.736403,600,6880.440533
2748.103043,600,6917.343258
-7155.351247,600,6943.319863
3237.362256,600,6987.721805
1331.966451,600,7013.6279
2806.463454,600,7050.497959
4222.910688,600,7076.604924
870.875251,600,7102.552183
2873.219074,600,7157.688785
2661.923324,600,7183.722409
-3337.60349,600,7209.558624
180.137293,600,7246.3133
35.18945,600,7272.228724
1444.625875,600,7316.584978
3097.636952,600,7342.537289
-424.688661,600,7379.419183
1674.665383,600,7405.457408
2107.847308,600,7431.431497
2033.648358,600,7468.085202
1482.10947,600,7512.29073
2872.863152,600,7538.110523
653.347663,600,7563.912231
1680.220069,600,7600.268691
2200.088937,600,7626.135723
1270.668036,600,7670.16485
1180.835966,600,7706.504109
951.812188,600,7732.333427
4605.315491,600,7758.141978
807.291385,600,7795.368165
2917.683966,600,7839.419454
633.825704,600,7865.25114
3340.427576,600,7891.019906
2015.143001,600,7927.354857
2581.439006,600,7953.186993
554.016802,600,7997.203331
3073.425239,600,8033.517855
1213.533149,600,8059.377351
1566.409454,600,8085.195324
3366.283771,600,8110.970082
2828.530293,600,8147.284495
3714.279201,600,8191.355143
521.97174,600,8217.182376
2656.233264,600,8253.561028
3361.821178,600,8279.396505
2924.33374,600,8305.268676
2077.442599,600,8349.255962
2873.087516,600,8385.655833
2753.663448,600,8411.488089
3445.368181,600,8437.29497
2939.529249,600,8473.608738
949.100438,600,8517.687787
1831.487424,600,8543.465391
2342.469591,600,8579.738279
2093.704911,600,8605.553903
4036.278279,600,8631.413585
2848.428225,600,8675.376829
1444.559285,600,8711.76344
3450.416489,600,8737.60105
3087.368476,600,8763.401137
4882.016681,600,8799.715031
3559.121093,600,8843.706801
2088.849375,600,8869.508793
2338.631109,600,8895.304452
3243.029423,600,8931.641984
2223.436978,600,8957.44796
2244.856906,600,8983.213
1822.265583,600,9037.76719
2713.57554,600,9063.586748
3351.828831,600,9089.340654
4700.524932,600,9125.641117
4489.491838,600,9151.472107
4062.569789,600,9195.444061
1238.929594,600,9221.190535
2352.451549,600,9257.525312
2873.183913,600,9283.339308
2922.57419,600,9309.170357
1713.116431,600,9363.641133
3237.86879,600,9389.430232
3306.523187,600,9415.248805
-5665.020657,600,9441.025216
5534.181208,600,9477.328113
3423.691146,600,9521.27054
2309.906539,600,9547.01177
2710.970341,600,9583.335686
2688.077157,600,9609.15031
4422.71945,600,9634.919793
2145.060086,600,9689.349623
2690.944159,600,9715.171239
3705.172227,600,9740.918599
2349.088928,600,9766.751513
2828.265243,600,9803.080419
-1974.944063,600,9828.903403
4274.700434,600,9872.839753
2380.59373,600,9909.171
4554.565582,600,9934.997131
2479.349005,600,9960.760756
2460.378209,600,9986.537556
3564.115916,600,10041.059466
3762.373475,600,10066.929053
2484.915042,600,10092.724293
192.828387,600,10129.047873
225.64189,600,10154.842912
1807.061762,600,10198.743402
2402.733572,600,10224.489323
3570.503549,600,10260.836211
4223.605198,600,10286.63847
3158.741145,600,10312.427948
3454.944986,600,10366.941985
4895.927453,600,10392.723727
3544.815066,600,10418.539651
2559.568548,600,10454.877173
3791.469775,600,10480.693729
2601.011399,600,10524.650872
2174.543901,600,10550.448487
2741.007246,600,10586.779598
3548.17986,600,10612.568144
3118.492063,600,10638.326766
1486.00437,600,10674.696007
2980.170641,600,10718.631727
3063.795755,600,10744.38811
3975.651664,600,10770.151189
4319.897891,600,10806.519508
3060.852892,600,10832.286716
3145.389353,600,10876.220339
1698.596623,600,10912.569088
-1665.942589,600,10938.38097
-679.53614,600,10964.197477
4398.359624,600,11000.630199
3909.552287,600,11044.605802
2312.274393,600,11070.405303
2954.710697,600,11096.251291
4906.837669,600,11132.673027
3773.312258,600,11158.53105
1946.966905,600,11202.510057
1203.104361,600,11238.855945
4650.542385,600,11264.616025
3559.010571,600,11290.3478
3293.775769,600,11316.136035
3056.179205,600,11370.683624
3882.456393,600,11396.444282
2560.817672,600,11422.17547
2757.782462,600,11458.507804
3036.571288,600,11484.284838
3725.948605,600,11509.981232
3956.044913,600,11564.535892
2195.542039,600,11590.417447
1865.257001,600,11616.208546
3158.461452,600,11642.012535
3213.192252,600,11678.404497
3479.34718,600,11722.422547
3279.220033,600,11748.224579
2379.84472,600,11784.551765
2294.527316,600,11810.37486
3480.052937,600,11836.117576
4785.398563,600,11880.099052
3480.435524,600,11916.682372
3459.918307,600,11942.538458
3839.524638,600,11968.340179
2706.791254,600,12004.790205
2752.830074,600,12048.760373
3287.789577,600,12074.563933
2911.825599,600,12100.412097
4187.697798,600,12136.796323
4491.17085,600,12162.557379
3059.786082,600,12188.407078
4726.019435,600,12242.971029
4400.328962,600,12268.770496
3596.853722,600,12294.542829
3267.841491,600,12330.928546
2363.115272,600,12356.754279
3950.772413,600,12400.77508
4700.160881,600,12426.620211
3775.91883,600,12462.996084
4937.558299,600,12488.834853
3198.512887,600,12514.619073
4238.929022,600,12569.19218
1311.361673,600,12594.967116
990.55383,600,12620.730566
2397.857979,600,12646.536729
5368.937545,600,12682.905528
2905.041815,600,12726.856944
3726.781916,600,12752.719226
2886.696512,600,12789.12303
5219.808583,600,12814.927867
1831.449413,600,12840.696391
2883.187171,600,12895.244033
3318.707295,600,12921.017479
1568.21249,600,12946.761107
3394.069953,600,12972.515932
1461.509542,600,13008.862797
5298.864702,600,13034.615041
3698.400099,600,13078.635241
4071.159001,600,13115.086094
2847.365793,600,13140.922935
3032.09521,600,13166.751386
3098.171896,600,13192.607933
3365.782525,600,13247.187489
3505.509205,600,13272.932937
4083.293151,600,13298.712588
2930.022072,600,13335.096586
3690.772509,600,13360.947778
3175.033904,600,13404.922032
3648.055866,600,13430.739727
4128.100254,600,13467.118697
4445.150286,600,13492.925982
4448.988177,600,13518.725246
3127.63414,600,13573.370981
4843.147459,600,13599.113728
3829.946605,600,13624.887961
3267.022293,600,13661.233396
4405.873797,600,13687.031604
3893.992031,600,13731.009771
2789.371555,600,13756.8253
3051.998342,600,13793.175715
4115.847942,600,13818.975565
3384.624643,600,13844.779905
3893.512058,600,13881.16771
2551.351555,600,13925.147176
3500.644407,600,13950.94172
3854.487342,600,13976.731442
3184.384075,600,14013.105552
3686.583124,600,14038.901674
5483.366181,600,14082.922043
2877.926803,600,14119.350994
3592.349577,600,14145.151596
3960.014979,600,14170.975631
4130.441889,600,14207.361986
4054.079103,600,14251.348863
4847.100245,600,14277.221835
3777.649905,600,14303.000064
4291.605481,600,14339.328392
2045.338705,600,14365.127327
1733.100138,600,14409.126137
3781.332317,600,14445.513155
3286.955521,600,14471.314343
3451.245207,600,14497.122191
2362.524771,600,14522.928551
4193.197726,600,14577.634997
4574.892106,600,14603.450707
3610.961625,600,14629.281664
4418.02639,600,14665.666455
3559.968401,600,14691.483684
3536.377308,600,14717.255809
1609.528888,600,14771.888422
5633.677186,600,14797.719449
3502.227305,600,14823.570806
5208.711834,600,14849.378608
3415.829171,600,14885.782152
4249.448104,600,14929.805566
3543.1351,600,14955.593476
3563.654552,600,14991.97139
3675.123936,600,15017.754795
3381.554367,600,15043.508123
3563.768551,600,15087.466192
4453.075941,600,15123.833757
4025.42108,600,15149.623584
4713.488016,600,15175.440356
4031.02917,600,15211.868479
3902.206735,600,15255.900808
4408.796784,600,15281.691267
3274.741672,600,15307.485117
3867.158421,600,15343.816121
4480.668418,600,15369.572845
4215.713709,600,15413.524975
4992.146681,600,15449.830071
3279.552051,600,15475.616033
4091.866246,600,15501.388525
4361.530641,600,15537.767874
4820.072492,600,15563.527998
4704.53866,600,15607.542477
3767.541839,600,15633.319594
4307.007722,600,15669.644777
3384.422968,600,15695.377505
4643.723256,600,15721.133629
3905.382283,600,15775.637106
2974.320293,600,15801.401892
3532.269537,600,15827.138431
3948.930926,600,15852.906241
4145.989495,600,15889.212715
3244.033979,600,15933.109643
4699.545963,600,15958.857486
4436.003699,600,15995.170091
4720.024754,600,16020.872937
4544.564501,600,16046.582847
3073.928977,600,16101.042311
3874.19342,600,16126.821363
4070.524381,600,16152.603353
3348.396327,600,16178.38477
4220.504596,600,16214.748136
3990.253697,600,16240.511856
1396.875835,600,16284.427838
4046.862317,600,16320.768137
5167.652327,600,16346.512192
3066.58725,600,16372.244044
3763.570213,600,16397.963976
3634.007178,600,16452.497093
5744.487782,600,16478.284717
4862.845358,600,16504.061627
4516.601425,600,16540.457379
4085.760669,600,16566.212565
2742.666706,600,16610.163577
3992.096717,600,16635.926682
3259.903064,600,16672.242762
1180.509292,600,16697.978194
4516.949123,600,16723.73963
1281.838247,600,16778.264688
4268.736559,600,16804.012976
4089.533527,600,16829.760021
4400.016486,600,16866.165911
3410.483688,600,16891.890512
4226.711826,600,16935.863937
3505.48487,600,16961.620442
4173.642142,600,16997.977226
3605.555634,600,17023.72682
4175.121636,600,17049.495464
4046.511991,600,17085.859164
2870.307357,600,17129.830144
3944.869543,600,17155.591665
4281.329464,600,17181.364722
4729.07424,600,17217.762384
3753.193114,600,17243.546313
4400.427499,600,17287.514339
3999.556758,600,17323.927378
3597.450785,600,17349.701357
-1427.437745,600,17375.511233
-819.072992,600,17411.863022
3999.973717,600,17455.833009
3018.989508,600,17481.560784
5230.591862,600,17507.319413
3871.702216,600,17543.678731
4254.886912,600,17569.470471
4603.823694,600,17613.437015
3734.85906,600,17649.765413
5253.004092,600,17675.513816
5014.0607,600,17701.294425
2710.469755,600,17727.033785
4137.44684,600,17781.545683
5280.672643,600,17807.352213
3918.300696,600,17833.145141
5285.817245,600,17869.520118
4652.927652,600,17895.31535
3274.904354,600,17921.102123
5165.69327,600,17975.670499
4966.975594,600,18001.432497
2754.821381,600,18027.227173
4796.469534,600,18052.963737
4318.414227,600,18089.337295
3616.055911,600,18133.387864
3920.955802,600,18159.144324
4092.183853,600,18195.498185
5871.079641,600,18221.283217
3518.277703,600,18247.027541
4359.286855,600,18290.95718
3948.222073,600,18327.321889
4386.589766,600,18353.100723
4392.726296,600,18378.876242
4626.312657,600,18415.240263
4576.866798,600,18459.232864
4150.504509,600,18484.989367
5506.326826,600,18510.776159
5061.904476,600,18547.071144
2991.503615,600,18572.867077
4705.104284,600,18616.804156
3589.864333,600,18653.176023
4383.918487,600,18678.990513
4924.258262,600,18704.761765
4598.510685,600,18741.185753
4743.161974,600,18766.956647
4851.851929,600,18810.939735
3283.179282,600,18836.714925
5796.393728,600,18873.058628
4331.380091,600,18898.88459
3028.860429,600,18924.63391
5669.080172,600,18979.248517
4672.060688,600,19005.090323
4794.197033,600,19030.899088
3965.433185,600,19056.738991
4007.769703,600,19093.08557
3408.010078,600,19137.095281
4245.111138,600,19162.909774
5234.421761,600,19199.308279
3732.87962,600,19225.149038
5323.328788,600,19250.95652
4119.335272,600,19305.495562
3622.148556,600,19331.319459
4041.678607,600,19357.137341
5050.94932,600,19382.916687
-1023.569642,600,19419.324553
4147.548268,600,19463.341772
3104.991105,600,19489.15609
5565.391562,600,19525.498216
2788.918065,600,19551.330849
3905.363496,600,19577.123011
4504.346593,600,19602.932891
3099.805286,600,19657.46325
3993.412029,600,19683.284425
5180.141744,600,19709.133833
3051.461282,600,19745.531873
4437.127951,600,19771.371271
5629.118691,600,19815.378868
3719.566654,600,19851.732291
2931.639831,600,19877.542871
3465.333825,600,19903.318004
4518.889642,600,19929.121253
4624.694068,600,19983.690243
4728.73379,600,20009.515476
5030.376733,600,20035.34689
3501.360352,600,20071.76522
3060.812554,600,20097.595899
4923.332306,600,20141.614697
4906.650563,600,20167.411612
2073.208074,600,20203.780245
4685.615658,600,20229.601487
4807.295773,600,20255.443303
3053.886005,600,20291.815256
3695.012062,600,20335.840048
4694.560764,600,20361.643454
107.275022,600,20387.464448
5941.15803,600,20423.853483
4673.43084,600,20449.691179
4795.285868,600,20493.699358
3901.61034,600,20530.080259
2978.419754,600,20555.871598
5622.648459,600,20581.664265
5346.614159,600,20618.019783
4283.340979,600,20662.034355
5582.115812,600,20687.854132
4419.616418,600,20713.671079
3045.285671,600,20750.036781
4653.867645,600,20775.882797
3604.826309,600,20819.875582
4171.48197,600,20856.219508
4881.782293,600,20882.000536
4585.934122,600,20907.785107
4858.571448,600,20933.583906
4890.953969,600,20988.108972
5148.975926,600,21013.943299
4387.415529,600,21039.742548
4662.948428,600,21076.141011
3730.555281,600,21101.9517
5059.476475,600,21127.788119
4822.152989,600,21182.385413
3966.598574,600,21208.221357
3835.585997,600,21234.026818
3922.399259,600,21259.825138
4509.767454,600,21296.199227
891.56123,600,21340.179634
4489.464686,600,21365.98007
4533.639703,600,21402.347595
4445.247187,600,21428.139831
4206.242631,600,21453.948091
5268.926701,600,21498.009922
4635.588264,600,21534.348224
3634.067096,600,21560.174981
4669.211165,600,21585.997202
4464.393029,600,21622.343267
4825.116439,600,21666.359898
4729.853106,600,21692.154765
4430.981303,600,21717.987721
4627.331002,600,21754.370282
5570.60734,600,21780.251104
4395.875212,600,21824.294515
3737.723777,600,21860.684467
5362.473677,600,21886.49844
4437.059674,600,21912.2902
3729.355371,600,21948.64478
5469.017165,600,21974.47928
4752.128536,600,22018.506341
4335.247423,600,22044.363825
5082.810086,600,22080.755143
4458.661767,600,22106.608133
4069.524332,600,22132.416194
5667.494502,600,22186.944373
353.800256,600,22212.74558
2651.175911,600,22238.546838
4629.155325,600,22264.360925
5074.298878,600,22300.681559
1130.38353,600,22344.661083
4609.110237,600,22370.501212
3926.54819,600,22406.861338
5368.436252,600,22432.696296
5712.26136,600,22458.504305
4825.681895,600,22513.132448
3147.816198,600,22538.951293
4878.646955,600,22564.778492
3986.494089,600,22590.582804
3569.215304,600,22626.946448
2775.349007,600,22670.90382
4607.79843,600,22696.703386
4859.647858,600,22733.082933
5044.022579,600,22758.902611
5762.917849,600,22784.703946
4148.346273,600,22810.482656
4676.247221,600,22865.008531
4056.686619,600,22890.803521
5292.044111,600,22916.58213
5006.51176,600,22952.923278
3780.111457,600,22978.732089
5185.827827,600,23022.714499
4882.84784,600,23059.05481
3589.601479,600,23084.881837
4746.645931,600,23110.731485
3389.929056,600,23136.528647
5781.337794,600,23191.062807
5149.054905,600,23216.825693
5495.711177,600,23242.606699
4218.029425,600,23278.940639
4031.53741,600,23304.723849
2319.974243,600,23348.712803
3991.101237,600,23374.53508
4743.083484,600,23410.932781
3874.929019,600,23436.726544
5583.62653,600,23462.53321
4669.108933,600,23517.092286
4615.720203,600,23542.857488
4318.472781,600,23568.649194
-902.391784,600,23594.428514
4649.633698,600,23630.724242
4356.833043,600,23656.52416
4414.277209,600,23700.546707
3543.195966,600,23736.948723
4439.051298,600,23762.792341
3894.973953,600,23788.60962
4631.226716,600,23824.984789
4852.943214,600,23868.967338
4793.370709,600,23894.768035
4735.588984,600,23920.518738
5074.442587,600,23956.840169
4938.135548,600,23982.632109
4237.237641,600,24026.629663
5286.626452,600,24062.983261
4205.662933,600,24088.769733
4332.030077,600,24114.589647
3937.776817,600,24140.412976
4724.756617,600,24194.968129
5557.98294,600,24220.784051
3972.809054,600,24246.588071
5526.902484,600,24282.954402
5020.628262,600,24308.75144
4141.750327,600,24334.548426
4799.405133,600,24389.140269
3576.260841,600,24415.003592
5203.670079,600,24440.837248
3649.07328,600,24466.688319
3982.471239,600,24503.079564
3406.910967,600,24547.092406
4854.043353,600,24572.880316
4030.626725,600,24609.211479
5679.996967,600,24634.972467
4255.504143,600,24660.747961
3160.895948,600,24704.753898
4871.892497,600,24741.105197
4706.212106,600,24766.903363
4873.077014,600,24792.749228
4651.715711,600,24829.140172
3291.542072,600,24873.122209
4654.580474,600,24898.890211
4582.139399,600,24924.64851
3872.114553,600,24960.974691
5462.777861,600,24986.78031
4640.943956,600,25030.768219
4447.430302,600,25067.151292
3904.216988,600,25092.967409
4621.469696,600,25118.777019
3793.331655,600,25155.167271
4845.881706,600,25180.963818
4725.055597,600,25224.95187
2821.974953,600,25250.756595
4699.955991,600,25287.122126
3442.599742,600,25312.941944
5920.36522,600,25338.781782
5446.558414,600,25393.392754
4898.398672,600,25419.177495
4149.483274,600,25445.008322
3836.081792,600,25470.816165
4117.620801,600,25507.167084
3213.611569,600,25551.166286
2636.465386,600,25576.954037
5094.188374,600,25613.287227
4340.679718,600,25639.070855
4418.283531,600,25664.875556
3984.293349,600,25719.396718
4731.742585,600,25745.172212
5349.175772,600,25770.970579
-7615.608293,600,25796.773778
5141.188352,600,25833.099212
3347.0312,600,25877.054333
5366.425598,600,25902.87686
4538.741351,600,25939.209703
4191.218481,600,25965.010783
5006.039809,600,25990.810848
4862.204377,600,26016.645603
3798.396579,600,26071.176192
4296.193132,600,26097.065049
3770.592997,600,26122.920899
5203.667996,600,26159.265425
4430.437059,600,26185.040047
3864.252537,600,26228.981881
5063.10101,600,26265.336598
3033.681264,600,26291.115766
4260.981355,600,26316.920927
3635.292008,600,26342.722476
4896.131503,600,26397.230966
5538.386285,600,26423.020317
4343.06148,600,26448.843708
3466.733057,600,26485.193373
3719.588554,600,26510.969952
3218.501601,600,26554.976317
4355.423695,600,26580.790976
5908.178903,600,26617.155037
4615.112968,600,26642.947521
3475.671275,600,26668.777282
2877.152954,600,26723.27225
4281.34368,600,26749.071747
4383.263947,600,26774.896207
4667.089748,600,26800.691708
5414.70919,600,26836.994482
3520.124267,600,26862.785321
3281.555367,600,26906.763446
4451.303039,600,26943.096754
5681.635295,600,26968.88406
4491.104862,600,26994.728278
4841.221946,600,27031.082042
4583.464495,600,27075.050057
4351.754489,600,27100.852413
4582.47995,600,27126.673937
4320.297319,600,27163.007095
5467.908674,600,27188.768256
4064.124757,600,27232.744753
4375.4749,600,27269.108952
4754.991051,600,27294.933454
3829.604213,600,27320.819972
5310.362014,600,27346.651764
2513.4371,600,27401.105196
3825.996106,600,27426.914863
5701.44526,600,27452.707235
5201.537858,600,27489.051439
4929.281329,600,27514.895999
3671.977292,600,27558.837865
4993.590293,600,27595.151062
5913.628682,600,27620.912393
4408.140322,600,27646.677849
5198.923916,600,27672.473644
4865.807902,600,27708.775207
5843.882327,600,27752.773796
5062.524219,600,27778.573947
4514.288615,600,27814.910367
4612.325633,600,27840.701478
5375.200321,600,27866.499956
5679.899838,600,27910.502619
5151.784742,600,27946.778264
2719.626087,600,27972.589937
4767.215975,600,27998.374852
4606.127677,600,28034.679572
4671.349246,600,28078.623707
3995.665605,600,28104.395516
3993.47072,600,28140.704071
3345.393321,600,28166.457566
5272.02586,600,28192.197443
4376.132829,600,28236.109768
5.668518,600,28272.438916
908.516312,600,28298.264089
4153.096864,600,28324.083774
4032.268422,600,28360.432174
5141.098032,600,28386.206704
3585.222137,600,28430.213218
4617.121908,600,28455.980955
2544.954226,600,28492.279544
3103.19944,600,28518.079315
5370.73705,600,28543.895571
5234.241442,600,28598.37681
4732.656417,600,28624.193505
4115.710927,600,28650.038271
4039.717733,600,28675.827799
5003.01345,600,28712.129784
-257.487725,600,28756.153162
4713.623348,600,28781.952314
4077.552165,600,28818.270262
5259.864718,600,28844.047057
3776.398327,600,28869.836608
4600.359162,600,28924.3004
4529.810682,600,28950.085636
-25035.774882,600,28975.882776
5385.369419,600,29001.689526
4788.445562,600,29038.009003
4319.510942,600,29082.081985
4235.165871,600,29107.926967
5017.423538,600,29144.312914
4597.055389,600,29170.163717
3893.721661,600,29196.026536
4592.461303,600,29221.806333
5170.288301,600,29276.279017
5796.165622,600,29302.079444
4726.359624,600,29327.841329
3768.600674,600,29364.134938
5047.757738,600,29389.884924
4684.040691,600,29433.941399
4049.884289,600,29470.35552
3084.995125,600,29496.223531
3852.610222,600,29522.049209
4828.330445,600,29547.891255
4251.646618,600,29602.506218
4837.504292,600,29628.323496
4714.540327,600,29654.072962
5590.630935,600,29690.391606
4197.020954,600,29716.175258
4760.845044,600,29760.163175
-969.398759,600,29785.928579
4608.738032,600,29822.26939
5268.099283,600,29848.068949
3279.991934,600,29873.856683
4059.554764,600,29928.397221
4200.345203,600,29954.184747
2522.353271,600,29979.960133
4431.073869,600,30005.74585
5430.657005,600,30042.161276
5412.156428,600,30067.971504
4896.871116,600,30111.984596
4374.668529,600,30148.325266
2971.04471,600,30174.124973
4863.848315,600,30199.938216
4312.365251,600,30236.271395
4759.22083,600,30280.269901
4685.735207,600,30306.048705
2888.939915,600,30331.818211
4023.511868,600,30368.213514
4418.990339,600,30394.039208
5156.933356,600,30438.003448
3798.700426,600,30474.304713
3101.535265,600,30500.073516
4597.686727,600,30525.824193
5373.825518,600,30551.560969
5775.474492,600,30606.005948
4910.802269,600,30631.811275
5253.117089,600,30657.550679
3638.739886,600,30693.851815
4546.538353,600,30719.59779
4966.693767,600,30763.491838
3953.898893,600,30799.783374
3099.018182,600,30825.502549
4059.471172,600,30851.219188
4799.644408,600,30876.948155
5108.455986,600,30913.232322
5058.133535,600,30957.118469
2929.223239,600,30982.865464
2705.406935,600,31019.224587
3682.458921,600,31045.037553
4955.537208,600,31070.831157
5157.932309,600,31114.759143
4783.590701,600,31151.079437
3708.469472,600,31176.798967
2865.245893,600,31202.541356
4921.074462,600,31238.880814
4413.195422,600,31282.781965
4465.134833,600,31308.502423
3473.742105,600,31344.857533
5797.53454,600,31370.604916
-1122.820142,600,31396.35118
4643.456962,600,31440.995144
3872.851525,600,31477.311508
5371.617507,600,31503.074754
5330.683743,600,31528.802621
4345.818109,600,31565.18343
5395.547536,600,31609.126519
3938.884068,600,31634.844144
4754.650212,600,31660.572379
5254.117412,600,31696.981802
3838.557089,600,31722.732908
4853.857216,600,31748.474138
4565.414142,600,31803.126865
4888.879417,600,31828.890794
5842.353993,600,31854.646717
5587.672237,600,31880.422909
5358.790115,600,31916.746144
4890.199483,600,31960.660837
4973.103743,600,31986.395163
4845.944214,600,32022.737052
3067.042381,600,32048.445046
4497.822236,600,32074.158986
5353.573548,600,32128.608279
4975.370661,600,32154.368911
5332.734209,600,32180.126369
4434.479684,600,32205.885959
5029.839494,600,32242.231373
4739.794121,600,32286.168007
3947.430049,600,32311.889658
1032.137157,600,32348.342267
2373.412938,600,32374.096139
2381.341033,600,32399.885219
5114.464787,600,32425.621485
4626.456637,600,32480.207994
3163.23769,600,32505.934891
4839.858785,600,32531.679784
4357.074378,600,32568.025717
4432.415124,600,32593.758104
-2540.17364,600,32637.652196
4174.584904,600,32674.04362
3748.307505,600,32699.817265
4347.526257,600,32725.564078
4779.90757,600,32751.36886
4191.065432,600,32805.876098
5159.622059,600,32831.658839
4867.789122,600,32857.435102
4615.448118,600,32893.806455
4264.439527,600,32919.551741
4614.51925,600,32963.487857
5484.247084,600,32989.246941
4136.33337,600,33025.554394
4272.898969,600,33051.29904
4486.660632,600,33077.058855
5678.7218,600,33131.59723
2676.01047,600,33157.315401
4880.93763,600,33183.082988
4650.692147,600,33208.862314
5328.526535,600,33245.169253
5816.402936,600,33271.741112
4932.5757,600,33315.75616
5051.597919,600,33352.230442
2884.033325,600,33378.14098
4668.797621,600,33404.039003
4338.790016,600,33440.58692
3447.76893,600,33484.710529
4606.776311,600,33510.558323
3611.970685,600,33536.500399
4802.862083,600,33572.974801
4481.716062,600,33598.815056
1751.277736,600,33642.951164
5283.524115,600,33679.442736
3029.357851,600,33705.314771
3675.265672,600,33731.19153
4835.661768,600,33757.098228
5431.681967,600,33811.868643
255.187457,600,33837.736198
3420.953707,600,33863.633656
5545.082582,600,33900.139205
2846.786694,600,33925.97841
4331.91649,600,33970.063987
3654.328381,600,34006.550946
4331.873694,600,34032.422389
4915.129188,600,34058.293612
4862.180831,600,34084.229315
4701.135268,600,34120.775265
4256.5067,600,34164.873575
5492.636966,600,34190.800747
3496.849033,600,34227.283854
4232.218942,600,34253.133294
4902.124702,600,34279.001473
4479.872485,600,34323.190523
4649.192317,600,34359.650862
5072.076519,600,34385.478581
5548.439521,600,34411.367903
5278.545269,600,34447.829319
5060.220997,600,34491.91992
3752.045358,600,34517.774518
4759.458189,600,34554.246365
4208.19458,600,34580.072596
5006.613008,600,34605.903083
4037.645949,600,34649.981022
4785.669264,600,34686.463063
4979.243596,600,34712.302214
4232.972007,600,34738.197968
4934.322809,600,34774.645922
4865.524163,600,34818.753733
2798.453328,600,34844.609354
5275.315515,600,34870.521641
5067.589613,600,34906.9188
4898.958215,600,34932.759954
4467.718238,600,34958.599835
5439.453929,600,35013.337104
5078.552958,600,35039.231274
4204.283946,600,35065.09535
4265.404465,600,35091.008173
4902.485405,600,35127.540138
5785.994268,600,35171.616335
5026.285007,600,35197.487441
5126.422345,600,35233.93879
5200.149471,600,35259.781063
3562.204825,600,35285.651191
4090.490142,600,35340.450832
4985.281839,600,35366.349626
5602.654159,600,35392.237423
4564.447478,600,35418.163475
4140.509214,600,35454.700974
4400.019967,600,35498.784721
5459.513342,600,35524.711044
5264.521031,600,35561.202531
4584.931857,600,35587.082787
4698.665608,600,35612.937744
4146.751754,600,35657.016349
4964.339531,600,35693.436722
4594.655724,600,35719.38791
4891.925877,600,35745.285497
5181.333227,600,35781.745505
3786.487934,600,35807.623978
5314.736182,600,35851.753227
4089.491796,600,35888.199011
4841.061663,600,35914.057276
4773.741996,600,35939.858047
3989.64337,600,35965.661555
4214.9522,600,36020.312528
3311.542132,600,36046.169673
4231.185169,600,36072.082199
5337.156263,600,36108.516866
4162.100014,600,36134.334096
4539.617552,600,36178.436937
5905.918022,600,36204.277421
4866.289296,600,36240.650717
4683.735777,600,36266.471418
5324.44961,600,36292.31497
3709.118868,600,36346.907128
2932.331399,600,36372.752239
3207.49202,600,36398.646487
4464.444315,600,36435.117048
5790.44793,600,36460.997906
4639.827256,600,36486.904659
4167.725608,600,36531.039809
5245.472476,600,36567.495433
5044.369983,600,36593.318553
5520.382933,600,36619.174561
4984.351899,600,36655.625656
-1665.753955,600,36699.796939
4432.400863,600,36725.698737
4639.26077,600,36751.595475
4966.508083,600,36788.08797
716.723043,600,36814.028774
4937.544063,600,36858.312696
4498.089764,600,36894.826461
4506.997938,600,36920.694538
5047.87046,600,36946.565008
5514.902665,600,36972.453741
5633.104376,600,37027.193823
4374.658174,600,37053.127482
1417.651583,600,37079.024125
5507.043267,600,37115.532419
5004.05838,600,37141.429835
5367.112988,600,37185.710719
5782.123093,600,37223.139333
5485.55266,600,37249.007903
4141.059449,600,37274.897582
4964.253593,600,37300.766022
3826.121443,600,37337.281766
5705.258865,600,37381.468855
4064.663755,600,37407.370157
5653.635011,600,37443.974484
4031.769691,600,37469.956734
5537.704369,600,37495.899215
3922.261233,600,37540.119177
5653.840597,600,37576.685355
3747.613762,600,37602.578508
5320.006404,600,37628.46171
3702.436778,600,37665.010561
5506.466785,600,37709.259831
4638.063109,600,37735.181394
4749.155896,600,37771.800755
4374.954964,600,37797.742316
3929.18799,600,37823.691724
4661.723388,600,37867.985139
4382.51233,600,37904.599301
4343.094987,600,37930.607077
4855.401545,600,37956.53165
4738.185542,600,37993.187025
4624.102501,600,38037.405412
5141.477461,600,38063.317387
5542.28633,600,38089.217581
4771.189365,600,38125.900142
3528.145064,600,38151.824008
5589.779214,600,38177.754181
4131.356861,600,38232.761553
5163.799478,600,38258.738855
3003.332515,600,38284.76871
-4732.564718,600,38310.71303
5646.937182,600,38347.18948
4691.716651,600,38391.49253
5259.191506,600,38417.435908
5136.000869,600,38453.972076
5641.300237,600,38479.900001
4714.872825,600,38505.86921
3115.228209,600,38560.846076
5445.778187,600,38586.78934
3849.27789,600,38612.712358
4764.352569,600,38638.633101
5064.177895,600,38675.28868
5902.470945,600,38719.452836
3536.80759,600,38745.37335
3996.815144,600,38782.073004
4516.710802,600,38808.035577
5462.663832,600,38833.913832
5544.922378,600,38878.284102
5733.580219,600,38914.894323
4206.483331,600,38940.817156
3390.75573,600,38966.745408
4489.338548,600,39003.529836
3345.16917,600,39029.700969
5051.153659,600,39073.999441
5076.002374,600,39110.543967
5709.20112,600,39136.489012
3567.168043,600,39162.422008
-5236.151403,600,39188.383966
4845.839601,600,39243.289099
3701.378534,600,39269.244841
4180.977088,600,39295.212271
4277.557788,600,39331.89516
3504.215989,600,39357.911686
4167.519314,600,39402.215792
4679.503444,600,39428.207852
4187.861053,600,39464.754772
5023.596026,600,39490.689292
4732.509123,600,39516.699294
4043.003436,600,39571.72408
5016.26595,600,39597.709445
5072.180042,600,39623.619857
4744.02405,600,39660.195828
3928.397887,600,39686.100416
787.529479,600,39730.29159
4542.114293,600,39756.237034
5322.109794,600,39792.779016
3856.018241,600,39818.71818
5934.564713,600,39844.743145
4687.547216,600,39881.461583
4130.602203,600,39925.835179
5149.269456,600,39951.865981
5924.629373,600,39977.824522
5345.152671,600,40014.442014
3380.108929,600,40040.321573
4944.366205,600,40084.524411
4030.430202,600,40121.365928
5029.362706,600,40147.460661
4125.24162,600,40173.585956
4460.170356,600,40199.621412
4155.556279,600,40255.104957
5430.506515,600,40281.201493
4484.932927,600,40307.306092
-19789.910544,600,40344.232346
5833.491198,600,40370.326856
3739.748893,600,40414.995901
4796.735974,600,40451.87369
3680.818992,600,40477.99419
5503.604626,600,40504.0678
5586.244207,600,40530.166217
4495.426146,600,40567.043572
4959.104887,600,40611.60228
1264.573858,600,40637.691291
-6332.404267,600,40674.641666
4219.297412,600,40700.72256
3482.808056,600,40726.820473
4207.283395,600,40771.426941
3522.657476,600,40808.355723
5106.765704,600,40834.48852
5183.198849,600,40860.531959
5679.367608,600,40897.444963
3743.134079,600,40942.021913
5325.796368,600,40968.133397
1086.15132,600,41005.068029
5287.853758,600,41031.165188
5298.508579,600,41057.26362
3339.786032,600,41101.973557
4786.323186,600,41138.839755
4902.263867,600,41164.924139
4454.651796,600,41191.008174
5866.070499,600,41227.8758
4128.493913,600,41272.407459
3562.765329,600,41298.500339
3563.211517,600,41324.623835
5679.575993,600,41361.470752
5945.535373,600,41387.549036
5267.713615,600,41413.610533
5359.270291,600,41469.069651
5690.03883,600,41495.13937
4837.920659,600,41521.199654
4155.256493,600,41547.258903
5765.974497,600,41584.354754
4712.187879,600,41628.776985
5411.396944,600,41654.804077
4599.663914,600,41691.692491
2988.218401,600,41717.722097
4389.077617,600,41743.826142
4499.288159,600,41799.131855
5027.208175,600,41825.1
4682.627896,600,41851.101923
3054.672243,600,41877.093962
5623.205005,600,41913.870701
4881.637649,600,41958.334236
3948.189768,600,41984.398811
3374.155397,600,42021.217009
4668.143893,600,42047.293043
5128.682629,600,42073.382753
4708.164513,600,42117.914857
5580.325727,600,42154.760271
4766.317623,600,42180.789072
6003.908465,600,42206.826821
4946.520292,600,42243.638182
5538.745574,600,42269.659958
4442.619611,600,42314.16372
4419.763487,600,42351.091087
4145.035695,600,42377.125828
3778.626266,600,42403.175896
4611.247608,600,42429.278256
4786.939334,600,42484.597898
5297.341903,600,42510.684808
-37798.974304,600,42536.791946
3909.64807,600,42573.720447
4481.602632,600,42599.833899
4968.964087,600,42644.336221
5762.760628,600,42670.385231
4281.555356,600,42707.190757
5797.452931,600,42733.221853
3016.838258,600,42759.253897
4929.136045,600,42814.570552
4438.155449,600,42840.656595
4722.524598,600,42866.727958
5299.238479,600,42903.632388
4200.907743,600,42929.805845
5018.463414,600,42974.353041
4131.291477,600,43000.479519
2969.863036,600,43037.319021
3736.716806,600,43063.395448
4744.918604,600,43089.473254
3300.459607,600,43126.403116
5021.468842,600,43170.967525
4516.112999,600,43197.050303
4122.275779,600,43223.130204
5657.172266,600,43260.014373
5089.550904,600,43286.105157
4926.850798,600,43330.70766
5049.842813,600,43367.629658
5609.86571,600,43393.703911
5156.264445,600,43419.803274
3423.373068,600,43445.911867
4335.251439,600,43501.302319
5291.810278,600,43527.464402
4257.946173,600,43553.635033
4372.151352,600,43590.533099
5359.773358,600,43616.58408
5075.328379,600,43661.181708
5371.983812,600,43698.061964
5022.332382,600,43724.173723
5756.637946,600,43750.241492
5683.68349,600,43776.3613
4252.085306,600,43831.650138
4505.780583,600,43857.70824
4944.741879,600,43883.786367
4284.73183,600,43920.782431
3314.681252,600,43946.877681
5791.588871,600,43972.922775
4354.293942,600,44017.452496
5532.414182,600,44054.312526
4988.188293,600,44080.343719
3932.351901,600,44106.379645
3997.545701,600,44143.210526
5915.562498,600,44187.699362
5137.316797,600,44213.716563
5321.535684,600,44250.452382
3308.847148,600,44276.484556
3597.367559,600,44302.467161
5094.370249,600,44346.981916
4022.645347,600,44383.82771
5005.313325,600,44409.829657
5164.604651,600,44435.820492
5539.633326,600,44472.648446
4733.162328,600,44517.112634
2750.147099,600,44543.197603
5877.688084,600,44569.28181
4885.374633,600,44606.053039
4335.940347,600,44632.089586
3827.626854,600,44658.171164
3946.509336,600,44713.436008
4052.417365,600,44739.438559
3994.502362,600,44765.438449
5768.867443,600,44802.222487
5555.656249,600,44828.300615
5639.904407,600,44872.769735
3835.524791,600,44898.869653
6056.88659,600,44935.716047
4440.992365,600,44961.734769
4645.083837,600,44987.743242
4792.84779,600,45043.02247
4081.977684,600,45069.0885
4197.125582,600,45095.163529
4622.058474,600,45121.166116
4234.811665,600,45157.960097
4771.69159,600,45202.393682
5250.165941,600,45228.448902
4392.678081,600,45265.358795
5529.208158,600,45291.439734
5011.553976,600,45317.553665
4579.616873,600,45362.033604
5901.616272,600,45398.892802
3881.724763,600,45424.922447
4220.458114,600,45451.003255
4683.092459,600,45487.904706
2136.93283,600,45513.950076
4701.632532,600,45558.468961
4303.682151,600,45595.320304
4227.15343,600,45621.275197
4906.134833,600,45647.312174
5037.087207,600,45673.345622
4918.479954,600,45728.570261
5727.793722,600,45754.610526
5652.178806,600,45780.667404
5625.283157,600,45817.526801
4338.889585,600,45843.519865
5849.966465,600,45887.952944
4381.853205,600,45913.988129
4987.077631,600,45950.797021
4495.546696,600,45976.828627
4746.147394,600,46002.875664
4273.683192,600,46058.11473
3552.301845,600,46084.148416
3856.975848,600,46110.106939
4331.131309,600,46146.876961
4533.531663,600,46172.892935
5152.670018,600,46217.394578
5070.701806,600,46243.46651
2761.006003,600,46280.382928
3389.183928,600,46306.402072
4898.04397,600,46332.426828
4312.893306,600,46369.355707
6000.324937,600,46413.92009
2868.061882,600,46439.976181
3303.971553,600,46466.031287
4955.498153,600,46502.94945
5341.181267,600,46528.973711
4510.468949,600,46573.480418
5218.4533,600,46610.447541
5325.008374,600,46636.573291
5763.526882,600,46662.632323
3031.103258,600,46688.739483
-7817.892143,600,46744.101088
-2900.281859,600,46770.164805
4608.531109,600,46796.239594
3524.211933,600,46833.19197
4450.881598,600,46859.275209
5513.25969,600,46903.770574
4696.86047,600,46940.719197
5522.161192,600,46966.811808
5146.267856,600,46992.888776
4580.786451,600,47018.924574
4414.235229,600,47074.226541
4419.472735,600,47100.302679
4127.823364,600,47126.318182
4101.449744,600,47162.823423
4991.542865,600,47188.692112
5315.829285,600,47214.559072
5290.515666,600,47258.665179
3511.622526,600,47295.128182
3491.358734,600,47320.998094
5532.15575,600,47346.830122
5623.683722,600,47383.29276
5102.87441,600,47427.374205
4707.53396,600,47453.224452
4112.956881,600,47489.661236
4960.30224,600,47515.445387
5027.009031,600,47541.237378
4640.44449,600,47585.290506
5641.674187,600,47621.727126
-5594.284808,600,47647.579195
5801.789108,600,47673.471736
4633.542216,600,47709.898036
5118.584429,600,47753.895953
5409.22166,600,47779.766617
206.112135,600,47805.630909
4883.913034,600,47842.022643
4873.613117,600,47867.838253
4707.707588,600,47911.867851
4722.731881,600,47948.279874
5595.636959,600,47974.118703
5908.334642,600,48000.003235
2180.107023,600,48036.474679
4700.455247,600,48062.269146
5148.814591,600,48106.337512
4741.296181,600,48132.183718
3642.171025,600,48168.605489
5394.263821,600,48194.430064
3877.010533,600,48220.290268
5612.724292,600,48274.872756
4476.909004,600,48300.656834
5413.284481,600,48326.47202
4974.49979,600,48352.22311
4050.580613,600,48388.6437
5775.463347,600,48432.736287
1718.366621,600,48458.645734
-398.21294,600,48495.111665
5038.913476,600,48520.958569
5286.908073,600,48546.813117
4772.718637,600,48590.895075
4708.66128,600,48627.317229
4716.845882,600,48653.166775
4103.575436,600,48678.985363
3486.424211,600,48715.47433
4844.825329,600,48741.301929
2849.224069,600,48785.368685
4263.613661,600,48821.813154
2511.638519,600,48847.657086
4734.046062,600,48873.518591
4966.240292,600,48899.36553
5502.487676,600,48953.975126
4616.78229,600,48979.802657
5098.012143,600,49005.610481
4017.161703,600,49042.087702
5033.925483,600,49067.890727
4663.961209,600,49111.942295
4681.022236,600,49137.825576
5682.972047,600,49174.301393
4904.302337,600,49200.153745
4876.335117,600,49225.976843
5153.925761,600,49280.614744
4428.083316,600,49306.441933
4762.918585,600,49332.245402
4610.246378,600,49368.710223
3969.996576,600,49394.509382
5167.154424,600,49438.536452
4670.913134,600,49464.382622
425.304672,600,49500.851822
5270.489902,600,49526.701634
5294.862131,600,49552.523503
4450.570508,600,49589.055827
5658.154402,600,49633.08122
5859.062491,600,49658.899546
4908.641483,600,49684.71217
4837.692905,600,49721.166533
5624.767395,600,49747.032468
5028.859472,600,49791.007638
4912.824262,600,49827.3473
5583.052978,600,49853.10626
5199.487071,600,49878.900206
5562.314882,600,49904.639486
3210.751429,600,49959.239277
5364.652035,600,49985.064487
3862.466603,600,50010.862238
4498.069858,600,50047.301681
5191.135786,600,50073.135416
4271.814984,600,50117.135676
5466.053015,600,50153.524373
5269.823924,600,50179.331739
4656.388424,600,50205.078681
5968.062805,600,50230.854339
4271.155897,600,50285.46271
5958.995115,600,50311.250193
4908.625273,600,50337.052225
3277.015703,600,50373.529248
5357.326482,600,50399.311552
4647.768281,600,50425.091531
4608.100034,600,50469.078357
5559.321578,600,50505.488009
2392.634307,600,50531.282409
5320.177334,600,50557.07984
3846.146117,600,50593.526465
4790.281763,600,50637.571114
4182.949203,600,50663.358346
1844.143054,600,50699.74534
4519.450293,600,50725.541194
5040.598864,600,50751.332244
3879.317686,600,50795.317672
4985.348836,600,50831.732735
3297.072964,600,50857.578197
4914.802873,600,50883.37963
5068.323675,600,50919.805477
1291.950507,600,50963.800336
5360.913413,600,50989.632668
5237.088605,600,51015.440717
4630.612153,600,51051.848603
3295.955502,600,51077.678096
4508.507595,600,51121.674896
5060.252656,600,51158.122712
4780.788959,600,51183.927999
4505.357288,600,51209.770217
4950.818856,600,51246.181493
4557.234832,600,51272.056512
5629.471442,600,51316.040989
-952.803729,600,51341.86455
5475.178193,600,51378.301996
5245.487605,600,51404.084442
4940.275207,600,51429.905039
5620.246526,600,51484.514365
3425.845193,600,51510.308245
680.754565,600,51536.117757
3955.78019,600,51561.925961
5618.86512,600,51598.365476
40.647251,600,51642.364931
3422.848571,600,51668.147126
5447.651435,600,51704.595295
4696.305985,600,51730.384726
5919.695358,600,51756.190385
-5975.544469,600,51800.190849
2871.308241,600,51836.617504
5486.592398,600,51862.4461
5305.952264,600,51888.261169
3606.808351,600,51924.732333
4058.505307,600,51968.72909
5669.216011,600,51994.506815
5183.965682,600,52030.945778
3629.33073,600,52056.737352
4207.858693,600,52082.523212
3866.033798,600,52108.378056
4268.487851,600,52162.946768
5202.227736,600,52188.765126
4877.204735,600,52214.602775
4716.765577,600,52251.062236
5792.74629,600,52276.861812
4417.205248,600,52320.853758
5046.302818,600,52346.655901
5019.079127,600,52383.079154
4091.335984,600,52408.904582
5036.264218,600,52434.742249
4756.608721,600,52489.387476
5045.008675,600,52515.221201
5501.609042,600,52541.03397
4432.534515,600,52577.508453
4330.427869,600,52603.303652
4847.558356,600,52647.291525
5460.583987,600,52673.138489
5241.100025,600,52709.540716
4091.868182,600,52735.412988
5408.377416,600,52761.301272
4313.501099,600,52797.762114
5038.727533,600,52841.771512
5809.85755,600,52867.590772
4971.612945,600,52893.454376
4225.395925,600,52929.893719
4546.082279,600,52955.723473
5056.087435,600,52999.799273
5445.003622,600,53036.25983
5698.12958,600,53062.06871
4343.531628,600,53087.927966
3936.832583,600,53124.365785
5141.029387,600,53168.370482
5294.128681,600,53194.205098
5356.549565,600,53220.07385
5196.94393,600,53256.516563
4552.409321,600,53282.376654
5572.818228,600,53326.487849
5509.532599,600,53362.836517
2255.221014,600,53388.630231
4384.161401,600,53414.424059
5254.468221,600,53440.233247
5982.799331,600,53494.812479
3210.133835,600,53520.59892
4577.541092,600,53546.442711
4910.700848,600,53582.816822
5529.633486,600,53608.618668
3467.870445,600,53634.356561
5308.97287,600,53678.37644
5912.990275,600,53714.758445
4574.743645,600,53740.6159
3703.749816,600,53766.476128
5494.610838,600,53802.883608
4371.558253,600,53846.884308
5990.988468,600,53872.709453
5420.603585,600,53909.125561
5434.783193,600,53934.907619
5975.796592,600,53960.677207
4429.79097,600,54004.696301
4058.045371,600,54041.073139
4728.534988,600,54066.857236
4636.178343,600,54092.688385
4690.407977,600,54129.053097
4911.708809,600,54173.007039
3456.19052,600,54198.849373
5627.700077,600,54224.620693
4863.511226,600,54260.920822
4777.063621,600,54286.704125
5378.970461,600,54330.721053
5156.927397,600,54367.116539
5223.583916,600,54392.895815
5213.022608,600,54418.743805
5022.342593,600,54455.151874
4181.420258,600,54480.944336
4567.733784,600,54524.982869
4375.190375,600,54550.81682
4814.800702,600,54587.201733
4550.173413,600,54613.008819
5747.183672,600,54638.919862
4543.508362,600,54693.554592
3947.660925,600,54719.377736
4062.220044,600,54745.216266
4800.266699,600,54771.026554
5390.759544,600,54807.445921
4171.676367,600,54851.438079
4095.165134,600,54877.277213
5453.274505,600,54913.701979
5132.776833,600,54939.486999
3890.171463,600,54965.296518
4439.504434,600,55009.271227
3039.761034,600,55045.652246
5181.035055,600,55071.436959
5102.089929,600,55097.263475
5938.059045,600,55133.750095
4529.761857,600,55177.741945
672.654578,600,55203.644469
4973.750801,600,55240.064576
5380.093449,600,55265.901816
4395.983973,600,55291.750736
5163.93716,600,55317.605334
4262.197972,600,55372.220783
4988.097254,600,55398.021615
5709.698737,600,55423.837445
5986.419526,600,55460.27518
5921.786624,600,55486.074399
5158.172781,600,55530.109021
5200.146304,600,55555.899477
3988.362634,600,55592.290304
4016.817411,600,55618.079231
5393.846439,600,55643.870378
5587.408121,600,55698.464681
4654.453068,600,55724.240755
5090.386784,600,55750.037447
3751.281746,600,55786.383556
5400.143158,600,55812.146932
3178.919215,600,55856.148007
4898.925927,600,55881.946247
5368.52043,600,55918.351695
4995.615586,600,55944.18907
5234.103089,600,55970.028839
800.102991,600,56024.618928
5200.94039,600,56050.424793
5286.709378,600,56076.249853
5197.040539,600,56102.032856
5857.041316,600,56138.399841
5201.43817,600,56164.203774
5210.193525,600,56208.220008
5804.735967,600,56244.564149
4510.076189,600,56270.395755
5584.716232,600,56296.241643
4771.289192,600,56332.651578
4110.135925,600,56376.648581
5646.637686,600,56402.486947
4438.915909,600,56428.265723
5472.916461,600,56464.646478
4829.884248,600,56490.437976
3693.891821,600,56534.476653
5265.072977,600,56570.909901
4275.376488,600,56596.711496
3887.253522,600,56622.567047
5882.315385,600,56648.395325
5199.294204,600,56703.008013
3353.596883,600,56728.842465
5462.952976,600,56754.639136
2415.898003,600,56791.069788
4985.764602,600,56816.875041
4015.378806,600,56842.659568
3704.980132,600,56886.634601
4961.961135,600,56923.076265
2773.513583,600,56948.870541
5770.770307,600,56974.67135
4897.175227,600,57011.126977
5429.025013,600,57055.095401
4020.420625,600,57080.923202
4957.616548,600,57117.411124
3814.962968,600,57143.221989
4870.559372,600,57169.056205
5258.917272,600,57213.058186
4691.80362,600,57249.512839
4596.603592,600,57275.340307
4420.980027,600,57301.222171
5213.451266,600,57337.677038
5563.976966,600,57381.709545
4574.733732,600,57407.5457
4490.266017,600,57433.355772
4923.810916,600,57469.729889
5340.740994,600,57495.522632
5206.369262,600,57539.536083
3879.368272,600,57575.924127
5175.864706,600,57601.739383
5184.38086,600,57627.554345
4139.748369,600,57663.97007
5229.80316,600,57689.77406
4348.513627,600,57733.776753
4876.720561,600,57759.579431
2545.474629,600,57796.008341
4122.087395,600,57821.813775
3683.009456,600,57847.663564
5329.647132,600,57902.274524
4794.641707,600,57928.111417
5016.780732,600,57953.95963
4782.652355,600,57979.769307
4715.390094,600,58016.164503
4087.137071,600,58060.197242
5712.099544,600,58086.005284
4706.075667,600,58122.476602
5230.222797,600,58148.294846
5143.355689,600,58174.145367
4834.238086,600,58218.147756
4348.021504,600,58254.620997
4797.245341,600,58280.441071
5473.370687,600,58306.274155
4680.5669,600,58342.701009
4193.813973,600,58386.766865
5004.083455,600,58412.621242
4841.698332,600,58449.080996
4816.03694,600,58474.901392
5116.009365,600,58500.751715
5797.353872,600,58526.579686
5033.478969,600,58581.215662
5487.795474,600,58607.010808
3107.261333,600,58632.838394
2689.153493,600,58669.321235
-261.08897,600,58695.145107
5931.546888,600,58739.137128
4961.55686,600,58764.926936
5848.812482,600,58801.354609
1698.963991,600,58827.184807
5167.117821,600,58853.015435
4931.052862,600,58907.621407
4268.033948,600,58933.409041
4361.087962,600,58959.219898
4614.802352,600,58995.673534
4940.467687,600,59021.512515
4854.516404,600,59065.497538
4041.964442,600,59091.318214
5725.83333,600,59127.788178
5186.210503,600,59153.607253
4729.027114,600,59179.410027
3886.651704,600,59234.04345
3542.413184,600,59259.861738
5333.964612,600,59285.644156
5651.461856,600,59311.446583
5474.211828,600,59347.872126
5602.230284,600,59373.672368
5731.590826,600,59417.631145
5039.269366,600,59454.060704
4592.428246,600,59479.884349
5878.861274,600,59505.6757
4938.542255,600,59542.125978
5124.981168,600,59586.201243
5360.368733,600,59612.027954
5203.638802,600,59637.822174
5000.439053,600,59674.271306
3636.53774,600,59700.11306
4011.619634,600,59744.10802
4378.980761,600,59780.567889
5090.805081,600,59806.360472
1577.886617,600,59832.142331
5306.455295,600,59857.945387
5185.754724,600,59912.656022
4556.861515,600,59938.414509
4858.744102,600,59964.172441
5153.392708,600,60000.570727
5554.249484,600,60026.390895
3934.014094,600,60070.38614
5427.842626,600,60096.207471
3465.524118,600,60132.699618
5264.710702,600,60158.543787
4187.572731,600,60184.369326
4130.475592,600,60220.849471
3732.891265,600,60264.846021
4394.942842,600,60290.607397
4736.42559,600,60326.994011
2863.441351,600,60352.789837
3503.948004,600,60378.53846
3657.79962,600,60422.525779
3969.531573,600,60458.95522
4747.489421,600,60484.747762
5279.28726,600,60510.523948
4481.510638,600,60546.958787
5398.762718,600,60590.973843
5373.583937,600,60616.753814
5230.245099,600,60642.548823
5438.905317,600,60678.94728
4772.93884,600,60704.714452
4616.491297,600,60748.654644
5656.095606,600,60785.127476
4991.326025,600,60810.923996
3425.984226,600,60836.693587
3098.217586,600,60873.128524
5724.742236,600,60898.945267
5547.31828,600,60942.915333
3169.317574,600,60968.738362
4935.552286,600,61005.183325
5259.329412,600,61030.992851
4528.030396,600,61056.796442
4775.927327,600,61111.491277
4279.566308,600,61137.312299
4955.131869,600,61163.108841
5171.351514,600,61188.89274
5778.584503,600,61225.384905
4281.713814,600,61269.370088
3333.333198,600,61295.184585
4558.220119,600,61331.588799
5542.51566,600,61357.413183
4420.385483,600,61383.18052
5456.496086,600,61437.801658
-26171.581707,600,61463.603525
5753.435962,600,61489.387777
3664.154508,600,61515.182894
5181.762624,600,61551.626976
4589.604032,600,61595.609243
5212.68806,600,61621.397439
4789.13452,600,61657.832481
3825.801696,600,61683.623641
6080.729061,600,61709.366429
4633.816887,600,61735.165032
6066.434771,600,61789.807214
-1485.556116,600,61815.625859
5529.159207,600,61841.432792
5444.376775,600,61877.914351
4318.786915,600,61903.702836
4761.534929,600,61947.674188
4454.956984,600,61973.434282
4804.330544,600,62009.851349
3841.429244,600,62035.619254
5142.97977,600,62061.377838
5108.019957,600,62116.004528
4817.454909,600,62141.776333
4373.165523,600,62167.588238
2881.573425,600,62204.076379
4928.436116,600,62229.866889
4547.068279,600,62273.833901
4511.227403,600,62299.618495
4580.414321,600,62336.069463
4474.381446,600,62361.862702
4754.276186,600,62387.644192
3075.378609,600,62442.285307
3408.707237,600,62468.049277
5312.688591,600,62493.776721
5615.216323,600,62519.514683
5961.069422,600,62555.973305
5182.36653,600,62581.700047
5224.016228,600,62625.584442
-2532.370436,600,62662.020594
5585.18898,600,62687.738523
4979.699569,600,62713.478727
5446.41127,600,62749.977916
3588.231886,600,62793.893413
5486.628361,600,62819.68915
4785.999334,600,62845.469568
2528.326709,600,62881.920629
5513.901451,600,62907.742532
4582.108983,600,62951.908775
5543.320363,600,62988.669104
4918.685729,600,63014.604968
5195.398788,600,63040.554969
4572.875823,600,63066.494651
2023.848987,600,63121.491831
4983.333027,600,63147.429727
3982.078262,600,63173.394205
4584.819479,600,63210.05968
4053.433074,600,63236.008299
5190.571865,600,63280.320642
4875.782179,600,63306.289077
4745.565336,600,63342.968253
4844.55497,600,63368.936476
4361.291155,600,63394.864857
5016.936696,600,63431.414126
5271.084416,600,63475.447479
4830.239954,600,63501.281792
3519.833719,600,63537.767429
5965.480504,600,63563.6043
4385.19493,600,63589.453584
4678.616785,600,63633.535896
5056.877452,600,63670.07566
4138.619573,600,63695.96141
6037.592876,600,63721.854383
4554.03349,600,63758.443143
5277.460768,600,63802.517115
5227.190345,600,63828.321286
4245.833104,600,63854.178709
5828.511917,600,63890.637513
5987.743668,600,63916.426337
5022.377086,600,63960.469609
3384.152243,600,63996.952648
4990.370792,600,64022.783478
5914.871846,600,64048.589221
5557.792626,600,64085.063714
4330.549797,600,64129.11302
3153.08358,600,64154.968211
5336.757151,600,64180.817706
4989.962474,600,64217.273687
4369.687773,600,64243.09845
5338.112109,600,64268.923194
4532.073284,600,64323.653493
4651.866474,600,64349.485849
5485.011469,600,64375.316811
5068.247327,600,64401.190761
6006.248165,600,64437.649801
5007.253328,600,64481.695136
4857.578667,600,64507.535531
3299.503331,600,64543.984367
4330.760571,600,64569.813436
5619.117285,600,64595.63369
5595.462085,600,64650.320488
3906.69231,600,64676.109639
5580.390711,600,64701.911652
2886.054363,600,64727.739069
4219.697007,600,64764.212451
5864.388528,600,64808.330625
5252.767311,600,64834.187942
4353.031799,600,64870.624564
4919.140202,600,64896.422255
4704.858506,600,64922.215723
4116.675095,600,64948.03375
5177.490809,600,65002.622175
