#{"t_start": 1656794363.5287733, "env_id": "uav-v0"}
r,l,t
-10157.553987,600,26.90581
-18075.834286,600,53.783315
-20084.245509,600,81.092966
-17388.213544,600,120.325551
-1500.503337,600,147.35852
-13412.307607,600,194.540598
-6820.793075,600,235.373076
-9550.837711,600,262.253097
-597.097357,600,289.26551
-3414.878562,600,316.190605
-14102.6564,600,375.641075
-15978.73072,600,402.60796
-3811.756372,600,429.890608
-6534.295092,600,468.616649
-1321.861854,600,495.567131
-1258.730938,600,542.330306
-14805.441401,600,569.372431
1853.020565,600,609.394223
-9342.725466,600,635.90231
-10648.223802,600,663.022421
-16745.901579,600,723.369695
3677.997989,600,750.35296
1007.646229,600,777.351383
-12994.644981,600,818.92467
222.955135,600,845.895584
2092.383713,600,872.923371
-6422.098319,600,918.979202
-256.16331,600,959.814999
-6840.823794,600,987.06209
-2812.823905,600,1014.453041
-1353.49629,600,1053.396612
-559.224034,600,1100.843683
-2508.450775,600,1127.352757
984.547233,600,1154.577989
-2903.869299,600,1194.148454
728.577069,600,1220.607241
-2724.171948,600,1268.162694
-2466.502565,600,1308.207061
734.977718,600,1335.728055
843.209222,600,1362.631199
-76.704036,600,1403.007144
-353.790636,600,1450.000604
116.7105,600,1476.718517
1405.251337,600,1503.691797
3800.922126,600,1544.07612
2470.328219,600,1571.09089
2353.570915,600,1617.369835
-1230.568765,600,1657.147665
-2946.557871,600,1683.748149
-3548.239774,600,1711.04516
100.367009,600,1737.943509
2507.730391,600,1779.595277
-25.409775,600,1825.744384
155.803697,600,1852.214945
414.733396,600,1892.089684
1059.835036,600,1919.238882
-824.892005,600,1945.98511
1869.243717,600,1993.295805
1832.926245,600,2032.52309
1030.758895,600,2059.939157
-307.610268,600,2086.963225
-1607.581654,600,2128.286985
-7704.549721,600,2175.091506
-4997.384657,600,2202.500782
-4719.652648,600,2242.438363
1711.041558,600,2269.184473
2730.933271,600,2296.580383
1351.194473,600,2343.629755
-1968.327751,600,2383.764375
-2157.820807,600,2411.151574
555.918544,600,2437.774579
-742.090657,600,2478.269805
696.201803,600,2526.111864
2673.611599,600,2553.084322
1211.758469,600,2580.117098
215.58422,600,2619.995709
3036.036083,600,2647.505593
490.257066,600,2674.8616
-307.408342,600,2734.722894
2582.005547,600,2761.887416
-1048.844836,600,2788.897869
1897.917721,600,2829.459664
-663.905473,600,2856.967107
993.835627,600,2903.455269
1735.305469,600,2930.647491
-966.437599,600,2969.913793
4612.307543,600,2997.123371
-2424.896647,600,3024.179627
4482.898114,600,3084.669139
1088.94575,600,3111.653749
-57.177059,600,3138.588982
-96.535597,600,3165.516362
-8551.552557,600,3205.351898
1420.909197,600,3252.279182
-4667.541038,600,3279.103401
1090.085221,600,3319.416307
2555.545224,600,3346.378704
-1360.610571,600,3373.034674
564.577461,600,3433.079316
2063.466681,600,3459.647891
3630.9354,600,3486.955629
1601.853076,600,3514.326493
1256.555828,600,3554.512708
-5767.836007,600,3580.517075
3765.976316,600,3626.648175
1945.02133,600,3668.016316
-2593.708959,600,3694.936491
2942.703057,600,3722.045716
1132.57583,600,3749.060601
3636.206176,600,3808.790239
3285.204026,600,3835.453471
1599.088788,600,3863.81402
199.69929,600,3904.408386
2547.339331,600,3931.077544
-5976.331617,600,3978.609387
-4679.840876,600,4005.276859
17.25513,600,4044.677944
-9407.972812,600,4072.014148
-4941.376149,600,4098.619458
3342.286601,600,4160.586727
5561.974362,600,4187.217194
2745.512529,600,4214.620834
5006.564634,600,4254.766167
-153.913605,600,4281.463469
526.55671,600,4308.905819
-30072.486242,600,4355.230331
-828.898504,600,4395.983142
-1660.217126,600,4422.941395
4242.59521,600,4449.537114
2413.334264,600,4490.272973
83.88426,600,4536.052646
6519.601893,600,4563.29851
4514.15566,600,4590.648634
2939.020481,600,4629.983958
1748.443556,600,4657.25179
1200.57539,600,4704.085063
1921.578299,600,4744.164797
-1638.398956,600,4770.79067
4532.866012,600,4797.419129
-3981.093448,600,4839.112953
5960.637865,600,4885.132168
950.733522,600,4912.142706
1896.309975,600,4939.419208
4171.192384,600,4979.10194
4324.036851,600,5006.228853
1465.401506,600,5053.775934
2691.945766,600,5094.814706
706.075232,600,5122.151688
2868.349308,600,5148.942459
2309.401852,600,5175.532076
7197.966918,600,5215.997118
2134.39836,600,5261.748571
-2016.590584,600,5289.018865
809.120246,600,5329.46331
1748.363592,600,5356.072072
6622.577643,600,5383.547892
3365.615482,600,5430.916541
1727.822673,600,5470.471887
873.120023,600,5497.103794
2127.282179,600,5524.123869
2167.372211,600,5563.063729
5188.536891,600,5609.866294
3671.952575,600,5637.019181
-246.191624,600,5678.174072
2003.370779,600,5705.079038
369.5562,600,5731.51761
5189.585916,600,5778.482174
4008.376249,600,5817.313751
1992.148541,600,5844.191674
3852.629932,600,5870.859638
2371.053147,600,5910.127632
3487.761701,600,5956.929173
-7322.072361,600,5983.840861
2543.261323,600,6010.515544
4928.056513,600,6050.755567
2647.639644,600,6077.484719
6450.356392,600,6103.942614
3349.558525,600,6164.946007
2509.634345,600,6191.644044
4889.437257,600,6219.028083
5729.883767,600,6259.112835
2202.828919,600,6285.960267
1727.939496,600,6333.07774
5058.608814,600,6359.992595
4948.925461,600,6401.283969
3810.496539,600,6428.572953
5055.100258,600,6455.145883
7303.827355,600,6516.23529
5154.51546,600,6542.97952
-1231.847834,600,6569.309521
3830.036102,600,6596.313831
5181.279326,600,6637.402891
3414.355143,600,6684.280609
4954.213263,600,6710.944729
3038.402155,600,6749.737978
-4430.632562,600,6776.583988
3046.587857,600,6803.799291
3061.650462,600,6864.061655
3456.961115,600,6891.253177
3689.285241,600,6917.762873
4170.385746,600,6944.539284
3962.705372,600,6984.841669
3769.876883,600,7011.099733
2021.088761,600,7058.720297
4766.720716,600,7098.456648
4829.264172,600,7125.538444
4858.199478,600,7152.274407
734.979056,600,7178.90667
7343.359648,600,7239.954005
3309.720563,600,7266.56391
6037.714988,600,7292.795808
4662.723473,600,7332.399063
6309.072701,600,7358.938154
7685.940412,600,7405.604191
6125.463168,600,7432.548275
3419.462285,600,7471.120974
-905.844145,600,7498.472446
6026.832722,600,7525.30902
4351.36332,600,7583.405506
3853.691654,600,7610.364643
6462.008686,600,7637.217643
7726.236402,600,7676.461313
2930.597857,600,7703.350999
5422.344089,600,7749.739795
4330.551775,600,7777.400858
-1885.570816,600,7817.26992
5752.867309,600,7844.331098
6991.612158,600,7871.668617
3730.830623,600,7910.226304
4020.719059,600,7957.929444
4649.276301,600,7984.758359
5603.787197,600,8011.367229
7730.611703,600,8052.766424
3734.01154,600,8079.833667
5030.430562,600,8126.96919
5037.383278,600,8166.329523
4952.097146,600,8192.746164
3341.159135,600,8220.053253
7246.192753,600,8259.177301
6028.097703,600,8305.577643
5489.321072,600,8332.3833
5636.875587,600,8359.315895
6912.481833,600,8400.106409
4157.33578,600,8426.847608
7520.279246,600,8473.836534
4291.761622,600,8515.318266
5496.468978,600,8542.389456
3045.379815,600,8568.740052
8060.320448,600,8595.77658
6572.967847,600,8637.483984
4534.97669,600,8684.091736
5190.805567,600,8711.391692
6628.834871,600,8751.442739
6076.422247,600,8778.830283
5098.998283,600,8806.069149
6643.038285,600,8851.614892
4527.358303,600,8892.825436
4032.639882,600,8919.710204
5390.085153,600,8946.172319
5589.749861,600,8985.95501
6847.89568,600,9031.994844
-249.46022,600,9059.450903
6280.507067,600,9098.945147
5626.053846,600,9125.588357
4943.422112,600,9153.044959
6487.643023,600,9199.884032
6558.602324,600,9238.766528
7555.616521,600,9265.701886
7454.454969,600,9292.195131
4616.53774,600,9331.949077
1703.491274,600,9378.578961
-4643.56932,600,9406.057427
1366.873453,600,9433.425937
6365.557724,600,9471.986791
6679.293278,600,9499.457408
5182.77328,600,9526.623852
8516.46815,600,9585.875941
4826.775931,600,9612.520393
3824.84249,600,9639.584239
7284.326744,600,9679.979253
6487.444421,600,9706.424385
5805.170691,600,9754.016084
6293.312677,600,9780.696868
6239.393384,600,9820.468922
5940.430111,600,9847.243199
7038.237942,600,9873.864084
5988.122954,600,9933.305997
7003.111378,600,9959.949987
2449.91642,600,9987.26778
-4180.739198,600,10014.427733
4888.756657,600,10054.66971
6311.184723,600,10101.926966
6824.231888,600,10128.223651
4108.855317,600,10169.218743
5311.864973,600,10196.533302
4331.431296,600,10223.233527
7262.11539,600,10284.394644
6136.49013,600,10311.153434
3850.166337,600,10338.286093
4844.146844,600,10365.410977
7323.242189,600,10404.608763
6211.737017,600,10432.051805
4446.412002,600,10478.948316
5792.220494,600,10519.597738
7460.987437,600,10546.545262
7622.179181,600,10573.562283
7178.221307,600,10600.05156
4675.833819,600,10660.956185
4124.886264,600,10688.448799
5842.446099,600,10715.275289
4878.614632,600,10756.025767
4524.093313,600,10783.184092
6008.930742,600,10829.864438
5766.378605,600,10856.896459
7682.216499,600,10896.719936
5223.492163,600,10923.752692
8020.021455,600,10950.677404
7755.101488,600,11010.861082
6566.324193,600,11037.486484
3348.05369,600,11064.529471
5291.522721,600,11106.265282
7303.366539,600,11132.819134
5798.832905,600,11179.401001
4925.115286,600,11206.51507
5694.459509,600,11247.972963
7254.835572,600,11274.904307
8369.313532,600,11301.714785
5973.989668,600,11341.289338
6678.005683,600,11387.776409
4815.856221,600,11415.142239
7377.12913,600,11442.223056
4982.311479,600,11480.575555
7782.88397,600,11507.880653
-3990.632528,600,11555.273217
5404.056097,600,11595.556744
7254.70482,600,11622.617537
4315.675988,600,11649.251805
6816.122111,600,11690.900456
3071.706269,600,11737.715331
5478.726447,600,11764.882994
6134.865395,600,11791.630596
6190.429766,600,11833.103738
5550.759112,600,11860.131736
5717.45937,600,11906.352607
6719.392876,600,11946.673754
7604.597925,600,11973.711382
24.885209,600,12000.834057
8239.663442,600,12028.147086
6067.246564,600,12090.000485
4694.081703,600,12117.293411
4603.439056,600,12144.322245
5268.151503,600,12184.139593
4348.630638,600,12211.532574
8086.802526,600,12238.919994
4296.391648,600,12299.185781
6172.745544,600,12326.376405
7738.715809,600,12353.07014
5995.970556,600,12380.156544
6520.016177,600,12420.396606
5353.01913,600,12467.068395
5491.506704,600,12494.519831
6516.702747,600,12535.389498
6212.658791,600,12562.767379
6026.488321,600,12589.648029
6234.292379,600,12636.137782
6549.523599,600,12677.553374
5017.450301,600,12704.252627
7580.233187,600,12731.635175
7258.787102,600,12771.859424
6679.620312,600,12819.216464
5457.973479,600,12846.366641
7207.911733,600,12873.310232
8834.975405,600,12912.934402
5404.667122,600,12939.916958
8359.42259,600,12966.492531
5359.732915,600,13027.807838
4069.916301,600,13054.451507
4097.140296,600,13081.74695
6606.375863,600,13121.417183
5284.784764,600,13147.933664
7698.624412,600,13195.546692
6354.511779,600,13222.193884
6320.628302,600,13261.687056
9263.51547,600,13288.540103
7974.776902,600,13315.406107
4796.983564,600,13374.405142
5658.935101,600,13401.521687
7166.500708,600,13428.602811
5668.183969,600,13455.199301
5525.532942,600,13496.975234
5693.973284,600,13543.46139
7921.306369,600,13570.799807
7524.375422,600,13611.285829
-1848.777766,600,13638.671719
7824.794211,600,13665.380327
7205.107757,600,13726.08749
6259.685325,600,13752.99101
5812.935002,600,13779.497854
7360.091079,600,13806.67957
5432.797823,600,13846.927161
8224.147058,600,13874.075618
6248.936536,600,13921.637532
6519.992028,600,13962.598528
7542.512747,600,13989.64728
7575.100353,600,14015.919652
5844.270649,600,14042.975374
8748.907859,600,14103.576197
9916.665854,600,14130.904389
7103.498835,600,14157.918535
2135.331372,600,14198.08514
6093.744929,600,14225.498979
8084.592408,600,14271.885542
6175.226844,600,14299.274399
8491.131721,600,14338.425714
7939.206395,600,14365.838312
7005.779755,600,14393.185501
9208.896766,600,14453.306581
7121.776761,600,14480.031075
5851.681583,600,14507.030975
7089.536308,600,14545.849752
7359.792166,600,14572.982119
6864.775371,600,14619.094609
4878.653943,600,14645.631807
8992.02898,600,14687.045884
6629.521502,600,14713.996358
8559.24736,600,14741.369465
8379.005544,600,14780.346507
7627.829213,600,14827.98152
7227.124378,600,14854.749973
5788.322167,600,14881.464732
6839.410951,600,14922.211477
7573.292763,600,14949.166405
7755.054601,600,14996.538766
5359.702213,600,15035.657723
5583.501478,600,15062.283746
5349.960583,600,15089.127004
6715.485154,600,15128.267101
7514.803278,600,15175.21392
6877.539942,600,15201.868719
6757.693921,600,15228.658092
8445.904629,600,15267.867453
5574.56483,600,15294.58598
6296.195888,600,15341.714814
1949.874643,600,15381.151634
5787.359337,600,15408.505453
7115.608535,600,15435.402591
5513.802445,600,15461.807882
7718.323358,600,15522.015058
9350.417521,600,15548.890267
6943.149019,600,15576.503746
6878.161732,600,15617.263107
8222.566585,600,15643.88102
7755.132874,600,15670.56604
6941.637618,600,15729.0756
7442.201385,600,15755.715306
3667.268597,600,15783.051414
7351.52155,600,15810.041615
8032.477251,600,15849.372509
6870.878942,600,15896.075195
7536.985708,600,15922.687482
7906.503848,600,15962.784453
6806.683309,600,15990.175882
6547.251346,600,16016.861807
7624.602492,600,16063.519601
2854.653003,600,16104.054576
6202.570853,600,16131.261905
8430.946806,600,16158.474715
5430.056,600,16199.0983
8200.926933,600,16245.389033
7495.050166,600,16272.390992
-2599.475844,600,16299.862478
6972.204733,600,16338.228879
6161.437673,600,16365.656455
7785.091371,600,16411.953896
5864.395043,600,16453.080551
3869.246158,600,16480.469276
8100.843087,600,16507.868568
5011.765055,600,16547.840861
6981.590885,600,16575.133251
7598.807796,600,16621.37813
7546.039756,600,16648.803912
4523.517002,600,16688.953949
4201.331359,600,16716.411988
5947.413429,600,16743.802619
7901.427874,600,16803.315687
7754.365595,600,16830.139896
8167.289584,600,16857.087728
7879.31138,600,16884.507228
7598.553484,600,16924.069079
6706.575455,600,16971.007582
7444.533186,600,16997.904124
8556.517706,600,17037.352426
5133.260359,600,17064.635661
7657.357904,600,17091.993706
8039.871608,600,17152.410697
7571.584186,600,17179.330605
7199.103003,600,17206.238878
7374.854789,600,17232.64386
7164.461074,600,17273.562755
8042.004613,600,17300.538041
7412.303723,600,17347.734528
7068.565517,600,17388.809848
6835.398721,600,17415.497148
-430.473471,600,17442.594681
7202.196965,600,17469.505091
6826.683254,600,17529.076841
7476.923832,600,17555.933803
8397.26246,600,17583.159609
8662.327687,600,17622.144813
7255.240284,600,17649.238263
6624.789005,600,17696.085938
7352.38134,600,17722.860004
9280.591608,600,17764.092186
7769.179614,600,17790.960979
7805.344202,600,17818.089765
6544.841658,600,17878.004696
7432.454754,600,17905.358835
7078.729661,600,17931.986025
7661.875981,600,17972.421455
6308.995794,600,17999.591676
4627.076877,600,18046.16377
8105.615766,600,18073.363591
5731.814938,600,18113.35502
6854.956547,600,18140.395325
6777.17612,600,18167.754757
7012.369673,600,18206.238654
6910.170398,600,18254.133764
8272.755705,600,18280.81837
7414.977828,600,18307.68389
8563.376201,600,18348.156858
9847.070549,600,18374.616751
8085.991562,600,18421.359042
7541.887125,600,18460.633926
7693.856332,600,18487.503051
7282.32996,600,18514.490967
6390.870329,600,18554.346025
6153.744824,600,18601.450746
4364.517116,600,18628.015422
5112.975309,600,18655.357814
9352.940473,600,18695.650725
6977.492529,600,18722.430641
7238.11848,600,18769.367319
7251.197049,600,18809.974231
7896.456102,600,18836.812702
7170.119387,600,18863.247926
8148.021576,600,18890.227531
5119.164489,600,18951.270997
6643.42091,600,18978.567304
7805.215596,600,19005.317123
7452.859249,600,19046.411211
8215.351993,600,19073.747063
8261.848593,600,19100.444035
8973.046523,600,19160.446182
7193.19605,600,19187.832503
8391.114737,600,19214.874644
6138.223083,600,19241.779364
10266.048641,600,19281.629642
9059.527096,600,19328.278478
9555.645817,600,19355.196165
7882.504372,600,19395.751043
7479.005615,600,19422.507256
7332.646017,600,19449.581407
-200.553771,600,19496.32727
5574.408165,600,19537.601704
3238.589681,600,19564.666697
7105.933059,600,19591.444215
7406.486543,600,19631.351812
4860.677639,600,19677.873825
7298.373733,600,19705.202433
7775.549355,600,19732.842191
6381.990358,600,19771.190103
6776.028177,600,19798.57428
7417.175413,600,19845.221879
7039.595646,600,19884.622073
8273.731679,600,19911.648474
6751.975905,600,19938.358092
7720.865596,600,19979.164908
7882.473588,600,20005.40061
9427.280753,600,20053.549709
8629.605327,600,20080.606244
7354.193245,600,20120.369966
6319.39821,600,20147.777423
8943.099584,600,20174.3479
7736.845116,600,20235.572526
7089.569521,600,20262.136315
5857.630694,600,20289.135135
9090.820037,600,20316.208299
9022.586206,600,20356.265139
7592.405662,600,20403.586556
7281.655661,600,20430.536103
8383.687395,600,20470.748608
6930.973853,600,20497.821722
9687.370696,600,20524.390585
8311.339702,600,20584.844188
9042.05586,600,20611.383058
7047.883484,600,20638.282832
6740.669669,600,20665.327281
7683.365899,600,20704.777895
3878.827148,600,20751.681905
9260.807756,600,20778.344633
6071.906619,600,20818.40074
6254.744537,600,20845.459284
4919.792629,600,20872.296007
8431.68993,600,20899.758996
7930.172417,600,20960.427246
8930.087379,600,20987.726588
6751.393976,600,21014.013087
8778.021479,600,21054.860808
8014.555014,600,21082.226109
8702.410537,600,21128.945834
7787.785618,600,21168.921644
7903.581214,600,21195.418944
5361.564643,600,21222.782543
8194.254336,600,21250.12928
6212.019896,600,21310.334536
6970.203851,600,21337.279115
7261.356865,600,21364.187755
6634.939497,600,21405.887315
8469.42143,600,21432.518578
9170.314221,600,21479.278085
7337.714873,600,21505.929552
7275.533189,600,21546.994368
7242.551109,600,21574.009689
6873.083484,600,21600.608708
7217.355553,600,21640.576281
7317.23619,600,21687.088797
6203.326263,600,21714.429626
5263.033631,600,21740.912569
8838.636704,600,21780.178182
5914.412108,600,21807.498127
4248.632223,600,21853.920568
5626.064892,600,21894.172591
7023.978491,600,21920.488573
7925.921981,600,21947.54672
8511.462748,600,21988.268932
9118.751559,600,22034.543984
7377.59797,600,22061.487363
8708.144805,600,22088.384859
7465.409434,600,22127.294226
6128.953283,600,22154.251303
7314.725094,600,22200.947027
7323.229112,600,22241.267641
6588.178092,600,22268.597879
7402.100273,600,22295.147513
5907.981181,600,22322.598215
5007.603084,600,22381.361677
6541.561792,600,22408.230799
9491.73645,600,22435.104231
6556.388611,600,22474.497162
4782.974249,600,22501.436039
7256.918504,600,22528.216868
8032.389136,600,22586.835988
7566.213555,600,22614.100787
7462.630623,600,22640.692737
7653.35966,600,22667.946874
7832.814073,600,22708.168608
6778.751794,600,22754.724427
7542.120813,600,22781.581063
6307.856687,600,22821.024481
7624.564249,600,22847.447107
8290.76133,600,22874.431539
1470.822078,600,22921.277184
7817.531987,600,22960.448741
8460.574115,600,22987.494294
8219.35874,600,23014.153483
9056.708912,600,23054.823984
9249.49652,600,23101.257948
5010.911572,600,23127.667136
8032.700156,600,23154.932194
8491.232055,600,23195.254635
8592.754566,600,23221.668664
6966.267679,600,23269.034696
3948.745424,600,23308.325461
7119.29044,600,23335.528373
6743.143579,600,23362.356581
7062.979163,600,23402.95584
7243.615059,600,23429.930943
7910.730767,600,23476.322507
8733.311197,600,23502.776476
7355.066621,600,23542.653543
8057.838806,600,23569.820712
8974.019395,600,23596.230046
8321.048288,600,23656.071285
8563.193157,600,23682.461068
7127.275947,600,23709.881223
6856.056922,600,23737.181559
7570.183845,600,23775.234695
8691.020762,600,23822.229221
7605.854009,600,23848.992529
8024.67263,600,23888.107734
6895.375856,600,23914.836727
9013.915114,600,23941.893621
8271.151799,600,24001.217789
9220.544222,600,24027.97567
7728.461327,600,24055.309571
7976.750303,600,24082.037018
7867.381385,600,24120.983596
8074.248303,600,24167.365972
4657.26792,600,24194.714797
3963.135459,600,24233.130622
8919.48179,600,24260.379383
7671.344186,600,24287.717219
7259.755542,600,24314.265145
7073.376382,600,24374.620574
7547.099691,600,24401.487699
8660.731229,600,24427.925626
7538.929863,600,24468.962414
7409.225485,600,24495.389894
6915.736931,600,24542.726917
-15752.871082,600,24581.393665
6384.47359,600,24608.839497
7210.217814,600,24635.68942
8789.606327,600,24662.478781
6807.634334,600,24721.576258
8790.078955,600,24748.950221
6775.325441,600,24775.261297
5506.255998,600,24815.56953
7695.418879,600,24842.945626
8277.617043,600,24889.194295
7831.040812,600,24916.576162
5935.357411,600,24957.138178
6740.390526,600,24983.676435
7974.825884,600,25011.027102
10058.468929,600,25071.588591
8462.277646,600,25098.17984
7765.371013,600,25125.143975
7655.627143,600,25152.032079
7562.447122,600,25192.044021
8775.053548,600,25218.568109
8045.449407,600,25265.872771
7443.734424,600,25305.182635
7903.575864,600,25331.922495
7527.165224,600,25358.746142
5577.924171,600,25398.262665
7491.569257,600,25444.659666
7144.072598,600,25471.99249
7310.200409,600,25498.509794
6435.588913,600,25538.296259
7939.786933,600,25565.611888
7383.090114,600,25611.050266
6225.427567,600,25651.971208
6163.429062,600,25678.871655
6672.373185,600,25705.730532
7457.37908,600,25732.2078
9476.895845,600,25793.693677
7537.202567,600,25820.175223
5666.932362,600,25847.568135
9725.443362,600,25888.529736
9949.74989,600,25914.695289
5880.941756,600,25942.012543
7467.166871,600,26001.600397
5669.759084,600,26028.772082
7172.863233,600,26055.549822
7314.971496,600,26082.352893
6866.800876,600,26121.08396
7418.226446,600,26167.696108
6387.677278,600,26194.000385
7305.625248,600,26233.64375
6340.386084,600,26260.218508
7998.57931,600,26287.543691
7738.227901,600,26334.249642
7528.212908,600,26373.402381
8230.235791,600,26400.722719
7529.179806,600,26427.07373
7551.924822,600,26468.234812
5789.746107,600,26514.82653
6593.43329,600,26541.824713
7199.069936,600,26568.664934
7244.951377,600,26608.423341
7777.516246,600,26635.773441
7661.621847,600,26682.244714
5881.668639,600,26721.911187
8314.936713,600,26748.802296
7632.234632,600,26775.55778
6345.367232,600,26816.589701
7536.825992,600,26843.999153
7083.328379,600,26889.802634
8367.900466,600,26916.64465
7862.564225,600,26956.69181
8633.076144,600,26983.796652
6089.895132,600,27010.723595
8303.61519,600,27069.493144
8976.001246,600,27096.337794
5968.741859,600,27123.190596
7221.08962,600,27149.706029
8815.561582,600,27191.214171
8520.014185,600,27236.670463
8992.826288,600,27263.775007
8465.031614,600,27303.665231
7435.678121,600,27330.750502
6822.371064,600,27357.678111
7709.079179,600,27417.943227
9259.699613,600,27444.957489
7696.584607,600,27471.536914
6684.634666,600,27498.43116
8387.392876,600,27538.37857
8096.782296,600,27584.783988
6001.618775,600,27612.149665
7278.417142,600,27652.347421
6121.908419,600,27679.613494
8151.556279,600,27705.887445
9657.706458,600,27733.288547
7983.272739,600,27792.400021
6716.038536,600,27819.66043
7012.96354,600,27847.006192
9119.183658,600,27885.649357
10164.605834,600,27912.529951
7359.596937,600,27959.294859
9862.306162,600,27998.624392
8127.704558,600,28025.919659
7960.0675,600,28052.38694
8554.900943,600,28079.81057
3601.782993,600,28139.891082
8674.341565,600,28167.134231
6314.08946,600,28194.411447
7475.573827,600,28234.673142
7728.410952,600,28261.214262
6634.81765,600,28308.777248
8373.310994,600,28335.033319
6905.021446,600,28375.911515
7748.560055,600,28403.017222
6119.732594,600,28430.456737
8112.882651,600,28491.650774
6958.208578,600,28518.536915
9490.713433,600,28545.2859
6244.070361,600,28572.143934
6880.301564,600,28612.325077
5856.231335,600,28638.537922
6391.631647,600,28686.330721
9154.257115,600,28725.708406
7107.16955,600,28752.755617
7860.716992,600,28779.451428
9097.117291,600,28820.217264
6944.025022,600,28866.805135
6827.195783,600,28894.122522
6714.073108,600,28920.091617
6388.424622,600,28961.522209
7675.934962,600,28988.431905
7272.169331,600,29035.77003
6182.388199,600,29076.988193
7296.572161,600,29103.963284
8475.607167,600,29130.899805
8559.687884,600,29157.927473
6667.746655,600,29217.517778
8225.427488,600,29244.132184
6966.179686,600,29271.257752
7667.989494,600,29310.372144
9099.00262,600,29337.274528
8158.864785,600,29385.064693
8037.808679,600,29423.341762
7356.661567,600,29450.69673
8070.12701,600,29477.636189
6124.942936,600,29504.997178
8395.538849,600,29544.904563
8103.020456,600,29592.563168
7173.12722,600,29619.069309
8708.434489,600,29660.284065
7141.606344,600,29687.069454
7177.260028,600,29713.898063
8691.787371,600,29760.743224
7231.684381,600,29801.016176
7290.650285,600,29828.277017
8180.779032,600,29855.178575
7284.931502,600,29896.066778
3829.972624,600,29943.320539
6622.045419,600,29970.29979
8399.769753,600,30010.48315
6987.583782,600,30037.219049
7696.166785,600,30064.536682
6477.19079,600,30110.469357
7745.828958,600,30151.109516
7427.658916,600,30177.738304
8581.309376,600,30204.856685
7984.59995,600,30245.5602
8099.262108,600,30272.558872
8205.981119,600,30319.112144
7179.460863,600,30346.067465
8205.536115,600,30385.886055
6454.103144,600,30412.883317
8008.51581,600,30440.320546
8199.803635,600,30500.882874
7855.480995,600,30527.929605
6677.137391,600,30554.581912
7947.306432,600,30581.637038
5810.22568,600,30621.956232
5205.364354,600,30668.327521
7006.745453,600,30695.663248
8170.077018,600,30735.873101
7448.966135,600,30763.286303
6863.659227,600,30790.290007
8269.605015,600,30851.212529
7456.2947,600,30878.238022
5329.340595,600,30905.17125
8654.584435,600,30931.77273
6983.308688,600,30972.423227
6995.80669,600,31019.225248
7696.920825,600,31046.155308
8690.354945,600,31086.761509
7780.897095,600,31113.432929
7431.089037,600,31140.82125
6992.414234,600,31167.871147
6949.406943,600,31228.464716
6173.44031,600,31255.08848
8780.549192,600,31281.962765
8260.194626,600,31320.955835
8129.027194,600,31347.781953
8003.591961,600,31394.267576
8349.81229,600,31433.611316
4316.026567,600,31460.89871
4931.263355,600,31487.745012
8767.733816,600,31514.299732
7568.182452,600,31573.417657
3053.24822,600,31600.736638
7464.089303,600,31627.633906
4316.708467,600,31668.111506
7089.73836,600,31694.790376
5440.876148,600,31741.519989
7114.583651,600,31768.114773
7814.045317,600,31809.718562
7489.194931,600,31836.21179
7587.369561,600,31863.443621
7294.133929,600,31922.816806
7813.324896,600,31949.805137
8401.751522,600,31976.38816
8789.82605,600,32003.176603
7532.883719,600,32043.826296
251.268404,600,32070.344581
8510.591666,600,32117.481616
7931.512232,600,32157.164077
7070.005943,600,32183.411282
7041.271464,600,32210.522384
8300.818871,600,32250.015477
6403.385258,600,32296.589521
7182.593194,600,32323.572472
7252.870685,600,32350.349319
8007.542047,600,32389.030902
8507.391604,600,32415.88833
6644.190722,600,32462.539406
8001.148009,600,32502.501494
7603.84955,600,32529.787006
8643.036099,600,32556.85454
7714.042695,600,32583.520839
9921.229527,600,32642.687395
6630.392178,600,32669.891578
7977.394179,600,32696.767082
7185.829601,600,32737.891332
7699.489182,600,32765.170286
9054.034108,600,32811.441932
8299.443244,600,32851.266083
8002.662455,600,32878.13641
6050.856358,600,32904.946104
8079.491765,600,32931.579185
7255.208047,600,32970.794152
6478.479577,600,33017.751091
8155.178276,600,33044.527033
6842.720828,600,33084.905836
8527.051884,600,33111.222305
8448.460332,600,33138.367635
9050.296625,600,33185.008683
7110.331517,600,33224.114459
7041.984512,600,33250.820325
5859.113539,600,33277.659524
5736.918926,600,33316.367888
6597.965966,600,33363.063241
6856.478963,600,33390.246536
6383.053306,600,33431.521845
7501.907958,600,33458.355229
6565.842614,600,33484.888166
8129.64656,600,33531.763054
8329.075669,600,33572.205661
9102.206639,600,33598.89755
8970.609303,600,33625.989973
7516.48331,600,33666.755296
9943.503631,600,33713.774611
6044.081513,600,33740.585816
7391.429946,600,33767.370418
6332.183996,600,33806.003705
8316.67737,600,33832.767181
9154.187713,600,33859.415962
6896.405118,600,33919.273919
8526.245562,600,33946.711628
7794.590308,600,33973.548155
7339.47662,600,34000.091605
7490.565903,600,34040.448601
8504.847318,600,34087.164922
7476.192457,600,34114.116175
7603.690553,600,34155.267418
7325.932394,600,34181.74226
6014.16966,600,34209.134685
6491.124472,600,34269.375794
6462.86212,600,34296.188016
7535.634561,600,34322.672652
8309.507328,600,34349.628079
-2568.876781,600,34390.615917
3641.568365,600,34437.155717
8529.898968,600,34463.989362
2301.271287,600,34504.676175
8871.898023,600,34531.644588
7355.707272,600,34558.5058
8917.256629,600,34584.906992
8850.868604,600,34644.232681
4900.537474,600,34671.083404
5723.765161,600,34697.44241
7494.872847,600,34736.317508
7116.533904,600,34763.130138
7510.722416,600,34810.900609
6956.297266,600,34852.361149
7522.755609,600,34879.198939
7531.773869,600,34905.935307
10169.086469,600,34932.541937
7801.101644,600,34992.984523
7369.442867,600,35019.859891
7488.792287,600,35046.763112
9870.940558,600,35087.022624
6019.273595,600,35113.792325
7305.950152,600,35160.622935
7062.842691,600,35187.449435
6286.965098,600,35228.448997
1031.766749,600,35255.874553
7039.843579,600,35283.114022
8212.027026,600,35343.733494
7611.238927,600,35370.607596
8193.695994,600,35397.299088
6662.324402,600,35424.332755
7477.563037,600,35464.792237
4567.878063,600,35491.484513
8471.559441,600,35539.135078
8221.702077,600,35578.689957
8047.000638,600,35606.081
7533.197952,600,35632.819581
7680.827033,600,35673.351473
6939.040193,600,35719.474524
4193.9152,600,35746.681902
6779.763463,600,35773.668368
7022.146592,600,35812.879742
7939.78694,600,35839.820666
10278.408642,600,35886.560898
8210.910068,600,35925.623614
7527.856518,600,35952.680153
6788.17152,600,35979.334682
7715.331254,600,36006.508162
8429.47973,600,36066.374872
8222.023127,600,36093.031735
8006.671037,600,36120.313375
9164.635772,600,36161.851622
7856.593982,600,36189.218587
6272.316644,600,36235.595139
7717.032804,600,36274.370693
8221.58001,600,36301.771893
8063.49651,600,36328.415205
6293.801015,600,36355.766865
7163.802125,600,36395.322623
8499.415382,600,36443.165478
9334.633591,600,36469.86846
7159.662452,600,36510.360703
9723.595903,600,36537.651466
7705.063314,600,36564.546302
8019.672326,600,36611.333064
7124.721645,600,36651.848012
8643.973272,600,36678.874399
8515.953246,600,36705.387433
7738.765707,600,36745.412308
7735.155302,600,36792.3062
8262.998612,600,36819.058995
7145.850777,600,36858.649533
7902.119333,600,36885.135262
8570.005436,600,36912.230448
7505.419192,600,36958.942115
8723.351874,600,36998.55811
7844.344684,600,37026.020061
8116.227709,600,37052.832739
7885.397431,600,37093.560264
7735.125485,600,37140.629197
6990.445668,600,37167.738758
7366.148126,600,37194.295066
7045.634851,600,37233.637684
8610.698045,600,37260.958675
5496.257216,600,37287.694468
7418.250754,600,37347.09827
8394.512949,600,37373.901424
8878.092693,600,37400.649748
4560.885999,600,37427.585401
7134.921484,600,37468.534725
8269.011944,600,37515.24723
7597.593069,600,37541.588202
8576.392968,600,37582.395666
4502.183717,600,37609.833495
5856.940129,600,37636.709386
8650.072397,600,37696.465499
7760.216151,600,37723.914146
6160.337305,600,37750.657246
8673.457813,600,37778.018016
8184.315859,600,37817.101948
7472.667348,600,37864.535077
5080.748035,600,37890.904459
7799.735939,600,37930.663698
7198.035223,600,37958.120676
9159.3579,600,37984.915945
8467.006295,600,38031.886454
7562.22857,600,38071.034708
6236.374379,600,38097.982527
8756.286146,600,38124.929281
6606.879324,600,38165.10983
8408.367256,600,38192.524262
7831.677223,600,38239.447186
7200.780088,600,38281.050921
7360.970847,600,38307.481316
6752.56051,600,38334.795645
7716.728445,600,38361.833526
7464.931652,600,38421.531558
7396.129097,600,38448.269614
7734.842127,600,38475.359019
8288.371769,600,38516.65994
9484.750317,600,38543.425535
8502.79845,600,38590.524003
8168.715989,600,38617.318291
7430.928093,600,38656.795846
8491.150617,600,38683.795062
4206.964784,600,38710.554884
6998.421367,600,38770.254064
8368.122673,600,38796.95495
7797.261956,600,38823.952841
7622.103941,600,38865.456733
8102.434529,600,38891.909279
7628.666395,600,38919.114004
8800.269872,600,38965.279831
6547.049962,600,39006.069322
7197.969142,600,39032.855521
8545.933945,600,39060.203299
7081.602914,600,39099.967461
6469.51893,600,39146.002842
7206.059278,600,39172.918463
7429.668395,600,39199.775044
8352.734697,600,39238.809131
7460.928087,600,39265.800073
8890.162826,600,39312.192225
6922.455771,600,39352.161021
6828.595271,600,39378.584364
8565.060118,600,39405.494302
6529.722656,600,39432.081001
8124.097591,600,39492.450791
9006.803461,600,39519.677663
8908.421926,600,39546.495042
8163.154253,600,39587.547642
7976.173687,600,39614.852679
6235.43071,600,39660.769482
6988.951447,600,39700.60485
7045.478074,600,39727.806722
6417.756893,600,39754.290099
7045.763452,600,39780.863984
7363.999925,600,39821.187172
7774.869346,600,39868.154039
9325.539736,600,39895.486633
9400.641955,600,39933.956434
7696.798968,600,39961.300141
8709.742316,600,39988.523079
6772.473239,600,40034.748462
8050.042929,600,40074.602236
8240.789931,600,40100.397883
7531.120305,600,40126.633906
8492.789566,600,40168.024793
7898.239189,600,40214.616162
7287.114428,600,40241.468598
8023.463888,600,40281.763422
8173.025884,600,40308.602079
8132.941155,600,40334.966964
8391.37655,600,40381.645473
8405.857146,600,40421.222713
8555.621438,600,40447.616456
6860.696446,600,40474.448953
7522.797548,600,40514.726259
7664.276346,600,40560.752618
7023.402122,600,40587.768828
8147.67779,600,40614.802836
8794.62089,600,40654.231329
7568.598822,600,40681.153029
6982.118728,600,40707.561219
7779.932249,600,40766.762522
-11810.159127,600,40794.16733
7144.310844,600,40820.8468
8425.695448,600,40847.75961
6130.510707,600,40887.038578
7583.820363,600,40933.867181
7746.111729,600,40960.997524
7203.29985,600,41002.205576
8112.135735,600,41028.840747
8971.57773,600,41056.234767
7313.136809,600,41117.08656
6742.037284,600,41143.727726
6700.128379,600,41170.690358
8163.449719,600,41197.612751
-1739.393384,600,41237.048724
6835.882925,600,41283.622528
8180.582279,600,41310.895133
8649.745169,600,41350.621174
8434.922644,600,41377.870084
8255.558126,600,41404.367081
8427.602409,600,41450.675285
9412.377817,600,41490.406272
7228.893229,600,41517.075497
3414.719056,600,41544.184958
6376.545784,600,41583.012104
6767.883782,600,41610.354972
7894.048786,600,41656.387631
5698.908864,600,41695.268969
9520.936896,600,41722.607547
6420.876397,600,41749.575884
6988.040323,600,41776.340203
3539.298986,600,41835.286662
7620.142471,600,41861.455369
8616.275146,600,41888.689112
7399.213134,600,41929.709718
9121.197934,600,41956.477144
7862.659434,600,42003.513418
5864.926123,600,42030.195742
8400.863095,600,42070.748293
7949.604287,600,42097.448916
8841.612031,600,42124.818907
8262.378603,600,42184.550484
7580.860109,600,42211.175653
6440.005501,600,42237.708411
5871.30244,600,42278.394567
7354.305076,600,42304.753744
7312.34553,600,42352.002025
7579.369635,600,42378.46555
6285.040947,600,42417.209279
9407.565527,600,42443.97217
8302.945035,600,42470.38916
7965.000405,600,42509.937675
7443.840389,600,42556.019512
6171.039012,600,42583.347606
7813.44654,600,42609.583642
7864.837117,600,42649.772684
8459.96611,600,42676.947303
9100.748233,600,42723.00637
8723.986059,600,42761.914929
7451.188069,600,42788.653624
8278.436384,600,42815.907313
7228.449387,600,42842.818806
6669.152452,600,42901.955311
7958.527914,600,42928.997032
8227.423729,600,42955.670069
8258.301602,600,42996.545868
7515.744331,600,43022.960898
9193.875289,600,43069.850721
8719.538135,600,43110.251697
8753.954175,600,43137.133435
8620.367558,600,43163.505151
7520.153208,600,43190.496356
5951.168222,600,43231.693517
9145.926347,600,43278.568289
8620.77755,600,43305.466791
8422.092162,600,43344.866726
7765.712603,600,43371.716746
8087.448156,600,43398.204545
7726.599164,600,43445.269866
8371.085679,600,43484.651592
7278.227751,600,43511.170918
7004.722979,600,43538.157159
7202.522624,600,43577.281821
8849.164028,600,43623.631314
6757.606958,600,43651.043766
8911.867842,600,43689.284827
6922.837803,600,43716.611801
7195.884565,600,43743.608031
9616.609954,600,43790.14566
3577.677284,600,43831.27544
5982.125686,600,43858.744866
7783.235383,600,43885.529777
8512.374074,600,43926.255666
7341.967437,600,43973.114115
7950.452003,600,43999.949955
8684.258271,600,44026.467194
-23283.893916,600,44066.489974
6997.379178,600,44093.024446
8127.732742,600,44120.203593
8093.866925,600,44181.158278
7499.584918,600,44207.901697
37.585775,600,44235.207883
7321.565271,600,44261.629655
8274.931831,600,44300.856168
6507.502924,600,44347.368734
10044.599662,600,44374.099007
8239.630421,600,44414.506444
8837.600161,600,44441.720238
7478.903515,600,44468.133784
8693.89148,600,44528.577114
8101.219648,600,44555.406291
7841.350202,600,44582.430987
8094.396629,600,44608.840929
6591.905149,600,44649.536453
7257.887085,600,44696.34258
7276.139358,600,44723.06637
8632.865067,600,44763.165395
7592.369217,600,44789.61754
7054.099506,600,44816.729447
8992.064158,600,44863.719086
8377.275602,600,44902.956496
7352.04737,600,44929.708462
7680.154577,600,44956.369632
7922.11023,600,44995.821499
9165.396645,600,45023.107322
7119.926784,600,45068.635698
7679.68477,600,45107.648875
8978.142481,600,45134.932227
8825.03757,600,45161.590454
6527.602568,600,45188.943697
8349.032913,600,45247.836136
7844.798142,600,45274.348562
8597.85826,600,45301.280263
4734.926292,600,45341.33309
8470.456012,600,45368.314023
7928.940103,600,45414.820605
9487.319688,600,45442.229419
7625.154036,600,45481.767625
6270.154316,600,45508.470659
3916.360508,600,45535.72756
8083.138603,600,45596.935777
8583.28192,600,45624.003703
7554.710362,600,45651.007594
5653.311006,600,45691.519099
6134.238449,600,45717.84317
6888.2644,600,45764.221078
8563.390094,600,45791.036653
8285.144023,600,45832.437701
8538.224367,600,45859.037215
7354.726783,600,45886.016271
6932.075646,600,45926.115294
8198.308082,600,45972.247385
7200.061255,600,45999.323869
9649.066244,600,46026.569502
8423.544228,600,46066.444992
7643.403304,600,46092.842876
7757.519101,600,46139.969505
7723.100013,600,46180.43311
1734.905583,600,46207.804441
6879.460929,600,46234.759979
6227.083001,600,46261.668844
5836.163046,600,46321.034576
8391.227695,600,46347.694781
8194.576527,600,46374.569739
7279.335022,600,46414.390332
5369.223168,600,46441.004394
9373.93145,600,46487.961331
6512.64643,600,46527.576671
7416.467983,600,46554.211828
6594.766647,600,46581.451936
9062.624213,600,46608.237604
7437.706032,600,46668.585267
7615.863436,600,46695.800567
6305.234733,600,46722.425454
7825.930801,600,46762.507195
8040.969797,600,46789.108249
7716.530735,600,46816.230817
7118.974251,600,46863.340124
9721.915581,600,46901.996524
5150.869027,600,46929.241283
7722.007929,600,46956.402307
7593.239977,600,46997.288686
6887.435625,600,47044.262954
7898.844274,600,47071.204734
8818.727042,600,47112.297104
9110.687508,600,47139.325949
8189.792329,600,47165.903431
7117.789478,600,47212.673849
7953.150584,600,47253.91128
7601.008984,600,47281.21577
7168.483772,600,47307.65221
7434.314454,600,47347.113546
6795.9188,600,47394.172508
7557.850451,600,47421.398507
6719.793927,600,47448.113526
7644.16284,600,47488.312581
8866.483553,600,47515.547054
6495.521651,600,47542.446003
7282.985772,600,47601.034168
7427.025454,600,47627.862741
8134.51324,600,47654.389051
8018.374272,600,47695.460016
8104.274022,600,47722.050034
8055.476694,600,47768.820365
7299.702646,600,47795.508157
6520.677173,600,47836.573679
8154.29745,600,47863.313239
7770.057305,600,47890.738391
8425.770292,600,47950.372622
8502.733659,600,47977.747113
7370.133786,600,48004.555944
6091.70712,600,48031.264303
6356.649436,600,48070.378848
7865.098697,600,48117.169432
8724.350403,600,48143.793123
6833.827443,600,48183.384458
8037.375925,600,48210.0396
6790.394178,600,48237.38298
8509.567987,600,48284.687778
8162.585881,600,48323.294631
6875.118011,600,48350.73318
7646.694292,600,48377.351779
7556.970383,600,48418.326642
7203.500711,600,48445.754733
6455.69609,600,48492.018907
8284.395108,600,48531.915665
7333.204069,600,48559.098339
8538.639452,600,48585.711227
7540.504114,600,48612.382315
8120.844472,600,48672.695244
8211.797048,600,48700.130976
7804.633623,600,48726.982652
6895.10729,600,48768.132295
6503.398274,600,48794.507793
8296.476026,600,48841.19303
7832.203288,600,48868.49035
7499.953164,600,48908.814929
6575.025266,600,48935.983542
7179.542,600,48962.26474
8754.507977,600,49022.604692
10026.989427,600,49049.263056
6514.291618,600,49076.211161
5935.638565,600,49115.798532
8092.347639,600,49143.088185
8602.097926,600,49188.555135
6845.903329,600,49215.899883
-2884.582068,600,49255.900946
7485.399383,600,49282.998087
8186.652623,600,49309.70276
8816.341448,600,49349.577688
8802.935239,600,49396.671093
5795.188542,600,49423.54945
7302.253284,600,49449.976398
8494.892732,600,49489.947181
7486.818977,600,49516.652402
6026.690982,600,49563.412987
8445.237928,600,49603.468233
7786.516437,600,49630.6982
8393.269179,600,49657.550142
7915.763805,600,49683.968858
7018.235093,600,49744.36558
9119.898289,600,49771.800332
7380.958175,600,49798.57846
8758.795135,600,49838.494611
6861.228345,600,49865.625006
8119.814321,600,49912.310523
9068.952138,600,49951.116162
7445.988125,600,49978.278259
8768.749167,600,50004.885118
8330.700125,600,50032.233022
7417.048368,600,50091.782391
8370.019763,600,50118.401404
7266.972689,600,50145.235455
8771.456676,600,50184.007532
7691.915146,600,50210.786736
7278.954157,600,50237.041276
6866.556479,600,50284.203906
3797.105193,600,50324.391496
7759.989345,600,50351.088879
8757.785672,600,50377.74095
7844.260929,600,50416.673209
8133.913148,600,50463.061078
8702.083526,600,50489.607161
8115.70584,600,50530.547186
8729.439602,600,50556.772696
7970.0356,600,50583.384534
8360.307525,600,50629.723578
7420.591935,600,50668.896608
8642.554382,600,50695.341229
-1961.158176,600,50724.105935
5536.934839,600,50763.223447
8154.369636,600,50809.988045
7927.987604,600,50837.176053
8177.398694,600,50863.565006
7363.162549,600,50903.467975
8075.696955,600,50930.072943
8068.632107,600,50977.247959
8478.528129,600,51016.653425
-7914.035556,600,51043.770247
7549.376202,600,51070.041388
7356.814835,600,51110.405203
7025.968894,600,51136.766049
8730.667883,600,51183.414176
9113.54019,600,51209.813273
8065.767073,600,51248.3752
7195.883718,600,51274.518701
7758.302679,600,51301.161289
7349.515985,600,51360.770362
9287.4476,600,51387.598935
8097.683886,600,51413.963142
-9656.18223,600,51441.380559
8088.311339,600,51480.754333
8885.045653,600,51527.466727
7765.044279,600,51553.775626
7456.946004,600,51592.800301
9868.184672,600,51619.62409
9031.920668,600,51646.706432
8837.552795,600,51693.26666
4279.964962,600,51732.898632
6606.204002,600,51759.658006
8152.676443,600,51786.00329
8937.50179,600,51826.075145
7909.945622,600,51852.540661
7991.908788,600,51900.0105
6787.552436,600,51940.093727
7167.006113,600,51967.316763
7323.443728,600,51994.185683
6970.231557,600,52020.677256
-3085.520752,600,52080.255565
6450.871339,600,52107.155459
6285.189642,600,52134.580875
5846.583514,600,52173.783938
6529.574295,600,52201.274127
7431.463296,600,52247.735029
6735.331469,600,52274.660628
7729.99332,600,52315.175192
7427.002859,600,52342.10062
8427.257711,600,52368.436477
2688.500159,600,52426.956985
7827.169036,600,52454.288425
7982.409011,600,52480.946262
7772.410246,600,52521.108727
8939.184116,600,52548.322514
8099.662078,600,52593.88212
8054.673617,600,52621.070326
7528.255071,600,52662.198751
7092.516852,600,52689.59502
7549.436264,600,52716.272526
6769.380977,600,52757.343779
8410.864143,600,52803.589777
7593.384274,600,52830.046879
7454.719161,600,52857.542394
1060.101307,600,52897.63847
8374.703249,600,52924.490212
7341.763333,600,52971.033243
7200.025499,600,53009.972833
7791.015093,600,53037.185623
6289.800493,600,53064.42495
8986.108531,600,53091.063901
7425.550356,600,53150.470276
8255.118314,600,53176.803791
7789.956071,600,53203.51688
7089.043194,600,53244.469807
7768.037429,600,53270.875603
8232.278081,600,53317.667139
6467.537905,600,53357.842752
8038.325822,600,53384.738747
7788.74946,600,53411.624322
6919.208765,600,53438.31384
9161.038039,600,53496.574839
8314.208321,600,53523.160923
7820.130916,600,53550.049729
7144.892164,600,53590.287132
7585.801675,600,53616.90676
8339.3936,600,53644.242673
7163.913434,600,53690.966016
7443.484908,600,53730.014482
8703.476791,600,53756.844869
6538.569194,600,53783.883775
4589.330482,600,53823.699291
9076.243015,600,53869.955658
-393.832441,600,53897.043624
7434.204716,600,53937.337369
7835.112998,600,53964.154837
5949.01865,600,53990.666277
7679.545776,600,54037.57893
6963.768653,600,54078.803201
7907.329019,600,54106.10295
6998.194591,600,54132.854434
8579.910721,600,54173.639427
8481.504603,600,54220.526675
2783.075338,600,54247.08356
9017.303405,600,54273.723065
7536.433152,600,54314.333992
7557.573813,600,54340.968437
9080.457259,600,54387.633637
7820.344449,600,54427.03701
8414.233595,600,54453.602026
9988.3346,600,54479.985914
9113.955602,600,54521.332586
7918.196638,600,54547.819899
7786.807905,600,54594.67897
8174.212609,600,54622.220962
6875.300934,600,54662.424461
7031.069478,600,54689.625972
9029.60016,600,54716.275839
4779.97279,600,54776.237386
9144.75658,600,54803.557503
6240.271482,600,54830.168468
7487.39504,600,54857.407856
8546.23082,600,54896.533123
8643.038763,600,54943.626948
8590.751974,600,54970.591222
7462.436601,600,55010.947399
7385.88199,600,55038.402583
6937.465035,600,55065.010767
7358.277525,600,55111.456066
6626.132911,600,55152.653835
8006.586378,600,55179.17738
7318.068784,600,55205.964654
8454.335246,600,55246.592014
8429.691427,600,55293.83868
7197.366385,600,55320.830322
7255.782395,600,55361.167259
7336.709063,600,55388.14402
7616.346349,600,55415.052387
8555.992018,600,55441.706584
6551.633853,600,55501.848306
7707.024967,600,55528.78761
8729.939164,600,55555.351066
8280.740082,600,55595.399813
9010.446187,600,55621.994516
8227.933596,600,55668.426694
7762.710221,600,55695.868687
7838.70039,600,55736.264036
6913.794127,600,55763.315144
7709.630451,600,55789.961472
6053.246462,600,55849.577754
6929.657932,600,55876.666503
7146.933081,600,55903.377047
8527.329694,600,55943.508972
8273.456015,600,55970.168661
8298.704662,600,56017.483137
6632.759903,600,56044.46127
8276.742599,600,56083.77241
7216.341226,600,56110.587101
8070.515128,600,56137.221012
-24526.834129,600,56177.357932
9960.821448,600,56223.04962
8341.768911,600,56250.056355
7990.21873,600,56277.20879
8983.30688,600,56316.114767
8606.230085,600,56342.790459
8800.211233,600,56389.592538
8474.282995,600,56429.584513
7728.90208,600,56456.355415
7245.242085,600,56483.285405
8069.968714,600,56524.577358
7457.242678,600,56570.992081
6270.866148,600,56597.964628
7763.549946,600,56624.433497
6949.297476,600,56664.207887
8594.678196,600,56691.17328
8819.696289,600,56738.284566
8030.478882,600,56776.748145
7462.704716,600,56803.806507
7287.024974,600,56831.137188
5258.941527,600,56857.860984
7789.271493,600,56917.507622
6139.194544,600,56944.695819
7536.829959,600,56971.151963
7267.198451,600,57011.138592
9804.890369,600,57037.858657
7682.442822,600,57064.544042
7851.320357,600,57111.225006
10018.620774,600,57150.455791
8742.411714,600,57177.659842
2145.743106,600,57204.068572
6248.991574,600,57243.970832
8477.350253,600,57291.023359
-8203.186867,600,57317.939136
10152.828647,600,57359.079035
7217.798647,600,57385.770642
8634.798712,600,57412.715116
8677.106092,600,57458.875842
7780.951001,600,57500.265014
6802.0734,600,57526.753661
6200.749635,600,57553.861975
6494.231369,600,57592.697491
7213.837002,600,57639.642694
8478.381619,600,57666.45515
4546.067109,600,57692.867199
8646.334012,600,57733.237652
8621.216548,600,57760.272454
7421.915613,600,57807.175797
8293.107698,600,57847.725282
8644.571691,600,57874.772242
6128.024487,600,57901.74471
6496.236832,600,57940.813281
6502.539691,600,57967.509458
8508.998111,600,58013.403638
8202.155718,600,58040.46179
9114.528263,600,58081.329255
7950.404931,600,58107.940701
9036.283509,600,58135.244676
9750.7972,600,58195.374107
7639.466456,600,58222.070611
7249.112889,600,58248.754112
-2290.304092,600,58275.279716
7570.453219,600,58316.766203
6726.808791,600,58363.587549
6646.040464,600,58390.214975
9012.808717,600,58431.06555
8596.052558,600,58457.694565
7016.323474,600,58484.200904
9375.300694,600,58530.522655
4832.524563,600,58570.404123
6899.109083,600,58597.834554
7320.666523,600,58624.32048
1731.475268,600,58663.866732
7490.384086,600,58710.69907
8895.797874,600,58737.258879
7514.385917,600,58777.004857
6535.910009,600,58803.890072
6794.705888,600,58830.422673
7032.468044,600,58856.821366
9731.529704,600,58916.772569
8127.94822,600,58943.677733
7856.208687,600,58970.324672
5244.644601,600,59009.132176
8388.993261,600,59035.757193
8205.02087,600,59081.954303
8843.24145,600,59108.245278
7775.751741,600,59148.727525
8753.747026,600,59175.563714
7466.442799,600,59202.186329
6511.397915,600,59262.654374
7671.20848,600,59289.704
8420.143891,600,59316.399563
8717.339356,600,59357.503114
7855.431776,600,59384.172673
8300.581647,600,59431.394111
7565.694797,600,59457.980647
7523.649218,600,59497.974258
8717.900499,600,59524.822852
6840.573694,600,59551.559433
6714.526107,600,59610.963287
7397.635705,600,59637.446714
9570.374087,600,59664.846652
8737.71632,600,59691.697678
8324.791558,600,59730.489556
5347.368651,600,59756.70282
6794.307634,600,59802.904824
8857.534292,600,59843.12046
7378.061419,600,59870.392284
8351.442718,600,59896.742999
7375.927814,600,59937.758738
7294.071094,600,59984.249306
6798.425624,600,60010.668465
7587.456136,600,60038.104272
6358.303114,600,60077.755618
6827.186452,600,60104.441624
270.040286,600,60151.029676
7224.51137,600,60191.189911
7571.989994,600,60218.02422
6390.017074,600,60245.477886
6770.665161,600,60272.069169
8500.548057,600,60329.988688
8393.951924,600,60357.168831
8093.838642,600,60383.838404
7841.963008,600,60424.623298
7971.991769,600,60451.026648
8949.398105,600,60478.201636
6693.056613,600,60524.361499
8906.58212,600,60564.962712
8102.864026,600,60591.760918
7432.264363,600,60618.362685
7022.249728,600,60658.550287
7461.6893,600,60705.399873
7320.169973,600,60731.754979
7005.31046,600,60772.296514
7230.520308,600,60798.610686
8850.089957,600,60825.751643
9072.981355,600,60872.06236
7175.40128,600,60910.816545
5852.857296,600,60937.891203
9323.174396,600,60964.2257
8181.405294,600,61003.647619
7000.283675,600,61050.535407
7875.665297,600,61077.024666
7773.360975,600,61104.152445
9116.061252,600,61143.257674
2170.598571,600,61169.743323
8898.214393,600,61215.853993
6457.372848,600,61256.138651
9656.054624,600,61282.587919
7982.198957,600,61309.957644
9539.064889,600,61349.023723
9110.848925,600,61375.804404
7185.135229,600,61423.371897
1660.734497,600,61449.836672
7375.045742,600,61489.971595
7822.529912,600,61516.461682
8482.68636,600,61543.029911
7872.62319,600,61602.404473
8481.103941,600,61629.170377
7762.723011,600,61656.012909
7535.722265,600,61682.98992
-8976.239099,600,61722.163285
9167.182258,600,61768.259183
6492.465851,600,61795.603295
7620.335409,600,61834.039064
8193.793152,600,61861.026597
8206.862891,600,61888.37854
8844.610041,600,61934.133649
3199.084041,600,61975.600353
8617.751913,600,62001.982795
8423.87819,600,62028.858068
8608.830476,600,62068.081593
7826.400259,600,62114.427712
6140.50817,600,62141.7911
8494.628915,600,62180.266964
7090.22087,600,62207.672929
6881.187268,600,62234.404625
7771.522688,600,62261.699332
6986.721678,600,62320.105941
7578.699989,600,62346.6792
9005.688879,600,62373.161414
7892.054335,600,62412.47593
6273.330109,600,62439.41943
9172.160227,600,62486.473695
7750.137986,600,62513.052592
8185.930242,600,62554.245413
8157.7284,600,62580.845597
10352.147105,600,62607.637107
-7815.636891,600,62668.330189
7918.348541,600,62694.972529
4990.339501,600,62721.992029
2885.240462,600,62760.64215
8060.576543,600,62787.8632
7560.999025,600,62834.721745
8334.334271,600,62861.342426
6968.562354,600,62902.526018
5580.455729,600,62929.209556
7327.27533,600,62956.222925
8226.783478,600,63015.656682
7800.926032,600,63042.964125
7593.204925,600,63069.754243
7318.29172,600,63097.110542
6401.240912,600,63136.342134
6993.537723,600,63163.500526
8145.580301,600,63210.722169
-1844.273509,600,63250.176258
8077.58971,600,63276.941084
9116.450077,600,63303.585085
5411.395329,600,63341.953036
8256.543494,600,63388.627272
8375.028559,600,63415.310014
7927.586808,600,63442.318141
6291.27219,600,63481.768411
9305.48064,600,63508.718712
7325.072928,600,63555.521567
6911.540701,600,63595.241938
9701.43727,600,63621.819091
8329.507958,600,63649.017361
9148.760959,600,63675.748918
8267.378745,600,63736.354697
8597.361736,600,63763.486478
7810.635341,600,63790.713219
8656.359273,600,63830.367879
6930.944652,600,63857.721654
7899.743712,600,63904.681309
6260.750172,600,63931.308426
6633.491534,600,63970.492737
7079.46466,600,63996.400257
6991.153958,600,64022.987591
7775.088627,600,64061.93113
7247.694673,600,64107.825553
8873.904282,600,64134.404713
8170.419391,600,64174.650797
8419.187476,600,64201.472144
7147.684337,600,64228.214303
9077.800368,600,64274.996767
7140.303841,600,64315.037913
6979.039857,600,64342.131098
8480.282935,600,64368.555708
8695.344219,600,64407.625944
5597.974283,600,64455.086281
8865.622825,600,64481.195992
-4051.18128,600,64508.617637
7552.074869,600,64549.213411
7478.275045,600,64576.13946
8477.400405,600,64623.706578
8172.192374,600,64662.941018
6449.191158,600,64690.137451
6963.252291,600,64716.901312
6950.142302,600,64757.135401
6650.399871,600,64783.735597
6791.285879,600,64830.601717
9448.028706,600,64857.540553
7556.371108,600,64896.815983
6537.961056,600,64923.754281
8137.556808,600,64950.442982
7560.011377,600,65008.899803
9029.805609,600,65035.766412
8385.682769,600,65062.981006
9334.685391,600,65090.099766
7417.643818,600,65129.037982
8815.179944,600,65176.441634
7647.283022,600,65203.155063
7092.589344,600,65243.457518
8430.426763,600,65270.819375
6933.451551,600,65297.65785
8903.544317,600,65359.236064
6973.246355,600,65385.83954
6904.057498,600,65412.871163
7633.33503,600,65439.500607
7860.609504,600,65480.468467
8532.30172,600,65527.333697
7105.270053,600,65554.085462
8956.360604,600,65593.352604
8267.82194,600,65619.851376
5377.815172,600,65646.814515
7983.937374,600,65673.983217
6915.847654,600,65733.769762
6885.968271,600,65760.249727
8659.722923,600,65787.191026
7856.815045,600,65826.360812
8556.866369,600,65853.329537
7298.357722,600,65900.39413
7774.072189,600,65926.89204
9002.768489,600,65968.491258
6829.522928,600,65995.296936
6233.23222,600,66021.917488
7288.086263,600,66082.374076
6284.994944,600,66109.600091
9526.952217,600,66136.727114
7928.280906,600,66175.4865
7243.639093,600,66202.85539
7934.202689,600,66248.887389
7689.866653,600,66275.81972
7203.595925,600,66314.988136
8172.60647,600,66343.283702
9067.763091,600,66370.557578
8425.679446,600,66430.091071
9102.789325,600,66456.694987
7921.286056,600,66484.016231
7631.505181,600,66511.041677
7204.560086,600,66549.711409
7109.971492,600,66576.407787
4974.09748,600,66623.065617
6686.694151,600,66662.740731
7857.749313,600,66689.367491
6825.555315,600,66716.066132
7914.529402,600,66757.203791
7981.869932,600,66803.662305
7700.983899,600,66830.34555
9396.374376,600,66857.782762
8800.200716,600,66897.306503
10310.598283,600,66924.48729
7833.36576,600,66971.577279
-1916.317627,600,67012.411954
6724.495888,600,67039.23316
8784.540414,600,67065.710662
7616.820735,600,67092.708706
8098.116778,600,67152.606705
9006.904224,600,67179.895792
7021.757544,600,67206.672487
7350.352336,600,67247.493706
9166.701349,600,67274.049077
6586.618384,600,67320.317665
8723.43916,600,67347.33151
6295.463347,600,67386.220772
5269.354247,600,67413.019539
7823.486291,600,67439.80035
7031.823525,600,67479.70498
7166.475407,600,67526.384729
9139.553681,600,67552.80874
8338.493734,600,67593.452652
6308.147281,600,67619.961127
8969.222524,600,67647.273464
7425.106208,600,67693.885464
8129.331174,600,67732.948264
6345.185297,600,67760.096856
6561.142651,600,67786.452256
7051.437045,600,67826.365309
4063.181749,600,67871.839512
6539.381433,600,67899.132434
9967.598471,600,67926.382878
6867.814064,600,67964.630537
8155.856806,600,67992.057811
7565.076128,600,68038.195652
8179.248321,600,68077.873993
8168.390937,600,68104.438833
6740.757492,600,68131.235905
6125.091895,600,68170.848333
9113.709199,600,68217.793108
8080.399603,600,68244.150806
8736.549459,600,68271.514164
7953.902275,600,68311.715686
3180.087504,600,68339.158701
6067.104723,600,68365.920524
7614.070122,600,68423.957599
6040.373997,600,68451.134657
7926.187093,600,68478.055925
7059.000218,600,68504.353195
4213.879067,600,68545.417974
8950.336973,600,68592.192006
7125.45486,600,68618.932431
9689.960041,600,68658.335499
7788.69033,600,68684.964643
7012.234193,600,68711.178404
7717.922808,600,68771.071422
7598.521349,600,68798.0425
8131.405829,600,68824.775731
6703.538098,600,68851.237127
8774.934266,600,68891.824424
6335.18515,600,68938.949428
6578.415685,600,68965.615553
8710.732554,600,69006.620376
5236.323934,600,69033.423372
4697.554512,600,69060.228996
7093.162679,600,69087.017723
1236.280207,600,69147.442531
8833.294711,600,69174.179309
6236.547617,600,69201.548543
7609.127368,600,69241.141592
3663.963662,600,69268.426371
8881.909021,600,69314.990234
7309.087123,600,69342.349011
7097.218132,600,69381.138486
8650.226417,600,69408.579838
8602.177645,600,69435.382046
9242.824118,600,69494.489697
6868.882391,600,69521.015672
1597.35711,600,69548.185418
7836.436934,600,69587.863683
8143.538963,600,69615.117123
7558.969648,600,69662.011593
8203.310109,600,69688.658298
8664.927196,600,69729.618578
9055.054973,600,69756.07389
7492.684231,600,69783.35784
7373.486622,600,69844.099037
7660.115476,600,69870.809114
8780.198466,600,69897.234201
8478.845424,600,69924.528761
5003.804109,600,69965.119447
4819.610437,600,69992.156094
8154.598599,600,70039.223639
6471.785585,600,70079.408698
7427.619778,600,70106.70027
8390.559804,600,70133.449781
9880.015725,600,70174.721124
6515.430991,600,70220.891884
7510.628153,600,70248.088584
7492.832751,600,70275.053789
8422.75272,600,70316.029291
8761.458931,600,70342.803619
7858.505547,600,70389.952044
1945.816835,600,70430.399296
7180.951612,600,70457.143777
9461.849938,600,70483.771473
8948.261902,600,70510.612162
7627.655201,600,70569.748756
8316.828142,600,70596.882885
8808.225176,600,70624.10362
8307.846374,600,70664.668872
7142.401716,600,70691.594656
7776.034306,600,70738.130227
7579.871183,600,70765.456456
5502.43917,600,70804.222461
8356.487267,600,70831.64439
6984.410017,600,70858.25501
8479.238177,600,70899.395925
7602.170981,600,70946.728966
6872.170488,600,70973.537476
6680.259024,600,71013.297227
7296.411951,600,71040.11519
8515.103232,600,71066.680624
6522.822031,600,71113.665126
8244.468108,600,71153.787483
8018.443103,600,71180.570453
7120.467081,600,71207.68628
8068.686984,600,71247.249672
7826.139833,600,71294.506984
7971.071768,600,71320.932143
7341.993113,600,71347.851415
7498.927808,600,71388.118093
7491.825347,600,71414.726823
8408.138594,600,71461.647724
7559.163928,600,71501.936168
8519.889059,600,71529.319434
7230.167085,600,71555.958521
8294.527764,600,71595.602452
7852.457046,600,71641.976449
8153.166794,600,71668.852461
8423.21641,600,71696.119581
6989.510044,600,71736.314127
7116.152888,600,71763.692127
7311.631311,600,71790.535732
8767.371643,600,71850.366549
8168.829534,600,71877.082562
7177.054915,600,71904.096051
7251.171599,600,71930.611845
7308.354742,600,71971.488501
7611.4179,600,72018.277783
6715.546751,600,72045.0013
