#{"t_start": 1656255998.740919, "env_id": "uav-v8"}
r,l,t
-8304.115676,600,15.495533
-6942.516578,600,28.566277
-3596.197901,600,41.696852
-3567.087136,600,68.197618
-40.270775,600,81.101485
-3161.875333,600,104.931664
-3033.543304,600,130.799986
-4854.804671,600,143.970355
-2890.138326,600,157.097779
-2696.083078,600,169.869885
-1628.832132,600,206.59759
-1211.860095,600,219.819366
888.21,600,232.895259
401.5549,600,258.343056
1757.772679,600,271.435184
-1405.206356,600,295.706706
825.769473,600,308.895964
-6.439177,600,334.539396
-81.676246,600,347.655682
2785.659574,600,360.53673
311.036783,600,397.4175
242.794764,600,410.491209
-56.959728,600,423.453033
-196.091703,600,449.192851
362.691117,600,462.16372
25.907552,600,475.2741
2712.840175,600,499.500852
176.605881,600,524.73461
670.563583,600,537.961054
339.90089,600,550.859687
1041.518086,600,576.787148
941.339204,600,600.873502
228.040387,600,613.886399
1314.102989,600,626.817088
17.65384,600,652.662114
212.345606,600,665.53562
316.706509,600,689.517627
-121.249776,600,715.137538
255.939754,600,728.232801
397.68772,600,740.926435
-2595.403218,600,766.833804
128.340945,600,790.64428
486.013825,600,803.724084
44.801821,600,816.997301
-112.644643,600,842.421499
-183.958567,600,855.463007
-66.988779,600,879.393361
1190.629951,600,904.539201
-148.144227,600,917.614232
16.956105,600,930.693186
198.151391,600,943.722706
180.450187,600,968.93842
174.61118,600,992.745898
662.098553,600,1005.695122
405.341125,600,1031.238996
206.524578,600,1044.454038
769.60149,600,1057.376105
-70.173468,600,1081.289367
-31.433792,600,1106.668543
-2019.217946,600,1119.748055
201.494482,600,1132.795709
177.708408,600,1158.392633
81.132732,600,1181.920358
2616.544878,600,1195.218771
2644.222105,600,1220.532515
-0.444908,600,1233.6601
324.073898,600,1246.538671
801.251951,600,1270.301365
717.419988,600,1295.861739
-84.827314,600,1308.981882
-2196.79214,600,1321.980479
2574.537395,600,1347.116155
13.579375,600,1371.224609
-65.177165,600,1384.357277
-460.314106,600,1397.347741
2798.535806,600,1422.369279
770.947358,600,1435.409348
211.027196,600,1448.41699
36.40392,600,1484.961633
-488.65383,600,1497.728527
252.70995,600,1510.769274
757.699102,600,1535.8247
463.48953,600,1548.923162
-37.284751,600,1573.038648
795.693016,600,1585.918424
1008.446855,600,1611.157649
598.764651,600,1624.213613
675.878594,600,1637.342245
908.414417,600,1673.965492
697.927812,600,1686.990479
826.164306,600,1700.080565
1135.920279,600,1713.264471
986.387365,600,1738.713505
1076.194158,600,1762.671299
2631.477814,600,1775.730065
54.872959,600,1801.233721
505.720998,600,1814.408515
903.582784,600,1827.19819
728.63623,600,1864.095876
-213.013772,600,1876.932843
743.055729,600,1889.977899
1745.443713,600,1903.056032
777.232913,600,1928.875532
220.495322,600,1941.984413
2300.195441,600,1965.887672
785.891766,600,1991.834522
961.566081,600,2004.721583
1447.405215,600,2017.931212
914.062882,600,2030.887127
1130.496088,600,2067.643871
117.478781,600,2080.640951
2604.844606,600,2093.519321
160.298911,600,2119.483024
-237.331637,600,2132.531692
1176.477054,600,2156.13254
-129.878808,600,2169.195037
626.772045,600,2194.810886
641.312097,600,2207.961581
515.029929,600,2220.73761
252.174441,600,2257.487008
451.07271,600,2270.622066
2766.414278,600,2283.684297
1251.288045,600,2308.909693
981.93139,600,2322.117387
643.415525,600,2334.854652
887.316517,600,2359.247904
129.092276,600,2384.69688
1405.75029,600,2397.783096
546.167033,600,2410.616325
433.764106,600,2435.905084
289.45149,600,2459.957194
388.556094,600,2473.116421
104.786076,600,2486.1615
819.697036,600,2511.625765
2861.599742,600,2524.561133
1183.267353,600,2548.516191
2676.168484,600,2573.542287
495.932108,600,2586.294238
750.136236,600,2599.321122
2223.83845,600,2624.448045
156.681264,600,2648.35121
391.935415,600,2661.062444
2764.21612,600,2673.904115
2670.233742,600,2698.61221
597.709065,600,2711.877648
12.883046,600,2735.704579
1233.349121,600,2760.52308
0.619305,600,2773.603845
2609.616677,600,2786.366244
1401.66842,600,2799.202516
523.351579,600,2824.18099
1650.966448,600,2847.953601
200.308071,600,2860.980619
519.874751,600,2886.053473
307.243227,600,2899.001908
2798.504927,600,2911.705542
-74.043407,600,2935.3098
2906.622132,600,2960.269701
974.130804,600,2973.198748
483.913425,600,2986.162946
523.312097,600,3011.270195
16.723729,600,3035.050508
48.432581,600,3047.888282
2650.440868,600,3072.516464
2761.367511,600,3085.11188
402.715998,600,3098.202953
2732.246826,600,3122.305655
207.426523,600,3147.02475
608.420727,600,3159.495704
1843.137508,600,3172.571681
816.422908,600,3197.337511
2632.625578,600,3220.917085
315.190507,600,3233.835223
1077.987219,600,3246.329072
1054.27868,600,3271.203093
1361.601862,600,3283.83641
2011.984498,600,3296.526668
46.950974,600,3331.851213
2491.620264,600,3344.58792
1485.146836,600,3357.613975
395.26458,600,3382.137306
550.245573,600,3395.001047
2875.534262,600,3418.187469
2745.629517,600,3430.659193
1498.834037,600,3455.406972
556.054399,600,3468.21178
-191.436859,600,3480.972686
-2499.344021,600,3516.220523
291.697192,600,3528.973311
-9.224109,600,3541.877893
707.44331,600,3554.261156
2046.194809,600,3578.752375
23.353098,600,3602.408811
252.211238,600,3615.128616
369.934036,600,3639.836039
476.08125,600,3652.413898
461.029615,600,3665.05482
209.725508,600,3700.040814
887.725057,600,3712.568355
1411.631553,600,3725.473588
993.385905,600,3738.133052
1627.203042,600,3762.277674
685.773037,600,3774.751986
796.824662,600,3798.081666
361.407255,600,3822.323505
2798.107769,600,3834.727474
427.62297,600,3847.578125
276.676088,600,3860.148917
1312.465033,600,3894.968537
402.68408,600,3907.498811
792.930382,600,3920.070086
441.80034,600,3944.517518
374.782325,600,3957.116634
248.311822,600,3979.611689
-3849.396823,600,3991.931455
341.305336,600,4015.938583
649.055621,600,4028.403278
1314.773914,600,4040.775754
848.275739,600,4074.558367
298.105525,600,4087.091024
282.457788,600,4099.416315
2954.813839,600,4122.949643
538.614701,600,4135.287786
345.078755,600,4157.202427
485.306034,600,4169.550237
195.225751,600,4192.441841
517.365144,600,4204.720406
281.408011,600,4217.134931
929.481954,600,4239.853745
2774.115403,600,4262.13677
872.554669,600,4274.37571
704.48192,600,4286.492386
1953.574627,600,4309.3498
1667.7796,600,4321.430868
103.692242,600,4343.3178
2815.906657,600,4366.420969
588.682004,600,4378.450642
2716.897884,600,4390.511713
2784.967169,600,4413.560533
2842.607753,600,4435.386564
1668.108258,600,4447.56764
341.30269,600,4459.530215
131.409412,600,4482.282933
508.896706,600,4494.307397
1108.204268,600,4516.018294
588.297286,600,4538.485817
1390.795292,600,4550.501236
1445.010387,600,4562.6644
899.681508,600,4574.770587
293.11536,600,4597.363886
101.735049,600,4618.921265
79.724292,600,4631.032163
637.904723,600,4653.605492
910.561623,600,4665.775737
551.520444,600,4678.000164
-45.796351,600,4699.49127
763.058004,600,4722.21058
2390.07506,600,4734.360272
2933.366198,600,4746.376537
1526.679245,600,4768.855244
897.473644,600,4790.177705
464.432333,600,4802.171191
235.577997,600,4824.389761
241.313439,600,4836.2557
683.948102,600,4848.16766
118.327619,600,4869.416703
140.321097,600,4891.616711
1746.521891,600,4903.51439
722.740132,600,4915.447287
1954.748031,600,4937.520302
2307.627339,600,4958.804537
341.373767,600,4970.764811
-35.548492,600,4982.671617
814.905686,600,5004.71876
12.092977,600,5016.612236
640.133695,600,5028.411045
247.509344,600,5059.71365
139.643079,600,5071.457424
464.706711,600,5083.324854
920.962261,600,5105.306834
317.507818,600,5117.046411
1104.117429,600,5138.164305
579.16042,600,5149.92932
683.719213,600,5171.907792
859.56012,600,5183.689915
397.353598,600,5195.451312
488.891194,600,5226.499393
278.095675,600,5238.180495
1408.641199,600,5249.910212
2887.78032,600,5261.6367
478.930062,600,5283.404774
416.154005,600,5304.373341
2688.730113,600,5316.049871
-102.459007,600,5337.825365
929.928777,600,5349.525129
233.920603,600,5361.243699
632.193778,600,5392.304268
866.898633,600,5404.063511
414.912438,600,5415.78586
331.236134,600,5427.564783
347.618264,600,5449.424681
151.839842,600,5461.116975
2825.584575,600,5482.049109
418.173862,600,5503.851524
1333.094128,600,5515.600954
388.405287,600,5527.322528
761.954374,600,5539.062243
2934.417885,600,5570.123091
1742.807239,600,5581.877837
2701.823326,600,5593.601499
1089.788574,600,5615.345891
1677.940358,600,5627.082226
1130.647172,600,5648.070959
896.071807,600,5659.815829
1022.761533,600,5681.677698
358.773297,600,5693.380992
1256.890091,600,5705.08476
1710.031235,600,5736.094208
487.885093,600,5747.798252
130.804917,600,5759.543401
874.623572,600,5781.294869
780.929914,600,5793.053349
2922.984081,600,5814.014405
1127.573902,600,5825.761489
1402.825606,600,5847.514222
2960.851377,600,5859.206835
708.281565,600,5870.932375
2265.44603,600,5892.748327
1131.519457,600,5913.716285
1391.674938,600,5925.470701
1531.155031,600,5937.123645
404.758068,600,5958.813142
2383.002879,600,5970.470933
1738.299963,600,5991.518379
2906.346857,600,6013.294221
2928.787918,600,6024.930024
388.14156,600,6036.526239
2764.688433,600,6058.102316
1165.001375,600,6078.999016
2344.17551,600,6090.572209
1508.814538,600,6102.23822
2606.214689,600,6123.965173
636.094666,600,6135.636189
2502.834484,600,6156.566219
179.629162,600,6178.302598
140.376423,600,6189.985957
1246.802729,600,6201.648952
175.235476,600,6213.296384
100.541129,600,6244.264055
2048.088396,600,6255.827723
2511.443081,600,6267.372732
718.172912,600,6288.768279
1193.702127,600,6300.295871
1442.331005,600,6311.821974
917.628235,600,6342.201452
817.811099,600,6353.716492
858.310417,600,6365.198132
814.51033,600,6376.685282
619.227979,600,6397.887233
2843.662772,600,6418.474999
2963.796332,600,6429.920668
1115.142733,600,6451.099518
1643.541511,600,6462.550969
260.559212,600,6474.007529
366.592933,600,6494.587863
571.370303,600,6515.76777
2476.755554,600,6527.205149
1450.937337,600,6538.664962
2395.580108,600,6559.86724
1270.313748,600,6580.458516
332.689674,600,6591.911783
1803.126942,600,6603.36677
1028.270324,600,6624.539383
2926.660813,600,6635.995512
284.136063,600,6647.445759
1359.807846,600,6677.773322
2814.795825,600,6689.241903
273.00165,600,6700.720661
1137.911768,600,6721.914292
2119.307462,600,6733.368293
576.153094,600,6753.972193
1695.333,600,6765.435247
1456.223136,600,6786.629318
2697.963707,600,6798.095833
367.192509,600,6809.568715
1059.82346,600,6839.903772
2898.669334,600,6851.395905
1057.586071,600,6862.857971
122.659732,600,6874.334924
2724.822047,600,6895.524878
2124.645695,600,6916.141882
2798.375272,600,6927.596353
518.662248,600,6948.777106
2886.984233,600,6960.225399
1151.57234,600,6971.684025
2854.391716,600,7001.99732
102.493058,600,7013.461657
2913.861669,600,7024.933885
1219.563308,600,7036.398048
2083.419978,600,7057.600477
1111.318194,600,7069.051137
1903.44162,600,7089.647287
195.236398,600,7110.827875
484.376827,600,7122.29877
87.507081,600,7133.756769
1433.33428,600,7145.211855
866.044961,600,7175.526865
2874.683461,600,7186.976345
2673.337324,600,7198.417865
540.533783,600,7219.600386
568.342146,600,7231.061528
2975.284846,600,7251.667441
734.346143,600,7263.118359
19.409509,600,7284.304455
1112.519668,600,7295.758406
672.607162,600,7307.19951
2941.750832,600,7337.529723
899.202096,600,7348.996915
549.717764,600,7360.464806
1005.499518,600,7381.655005
2910.273421,600,7393.112208
1964.19308,600,7413.699102
335.117216,600,7425.173182
1548.944782,600,7446.357191
369.474959,600,7457.82515
1414.222812,600,7469.283829
1463.824261,600,7490.473407
1537.882961,600,7511.08057
1857.150972,600,7522.549961
1668.222241,600,7534.026897
2728.3195,600,7555.215306
130.143135,600,7566.681016
1449.047909,600,7587.269177
1536.069538,600,7608.452422
2855.866801,600,7619.902058
1555.361824,600,7631.348215
1452.340189,600,7652.516312
864.99651,600,7673.099775
736.875004,600,7684.555188
1634.005653,600,7696.028419
1102.234998,600,7717.218004
188.720085,600,7728.678912
2857.44887,600,7749.26945
1078.498824,600,7770.43399
1232.602968,600,7782.335317
933.039823,600,7793.950955
2856.707884,600,7805.395702
1762.659231,600,7835.744719
2908.26362,600,7847.199855
174.522357,600,7858.640645
2902.726834,600,7879.824244
2885.804852,600,7891.270687
2882.582412,600,7902.727627
1105.695969,600,7933.040822
2879.729131,600,7944.48244
2802.861658,600,7955.91069
2837.691677,600,7967.346933
1842.83408,600,7988.512472
2940.299394,600,8009.084923
2872.016744,600,8020.536326
760.881112,600,8041.716118
484.524872,600,8053.17735
786.501268,600,8064.625824
1538.681005,600,8085.221074
2915.459545,600,8106.364914
2059.366746,600,8117.80269
1422.698821,600,8129.234634
701.360859,600,8150.401028
1060.54565,600,8170.96104
842.272798,600,8182.405131
2876.016651,600,8193.855885
2961.228094,600,8215.033962
616.125751,600,8226.477376
1254.115353,600,8247.065373
2934.855542,600,8268.231294
836.790314,600,8279.659127
1598.526258,600,8291.104288
1952.408032,600,8312.274292
1002.154149,600,8323.70694
2732.107107,600,8344.252657
282.757146,600,8355.696635
2958.275021,600,8376.854944
1735.087672,600,8388.29982
2942.33092,600,8399.736349
1298.764766,600,8430.042121
936.287732,600,8441.493505
1416.017779,600,8452.935267
880.509018,600,8464.378667
2950.774148,600,8485.502682
1107.860474,600,8506.074711
325.258843,600,8517.514137
2970.276626,600,8538.673165
2977.573211,600,8550.097122
2955.670186,600,8561.528317
2876.571422,600,8591.799886
2947.890985,600,8603.240922
2932.088205,600,8614.691142
2892.102381,600,8626.116771
2928.019892,600,8647.273245
2946.476918,600,8658.731242
1825.932186,600,8679.295157
1367.433389,600,8700.472117
2919.304658,600,8711.920007
2844.792365,600,8723.344109
967.672973,600,8734.800203
1183.53695,600,8765.110208
1830.645106,600,8776.562245
710.562849,600,8788.021852
2988.642435,600,8809.201974
786.594764,600,8820.636971
2951.422013,600,8841.183827
322.42025,600,8852.621723
2828.859589,600,8873.76753
1215.434192,600,8885.210451
1529.392495,600,8896.666597
1955.682988,600,8926.958672
2827.707423,600,8938.397702
2179.238743,600,8949.837133
2993.025709,600,8970.978071
2894.790526,600,8982.41685
1311.597136,600,9002.9579
2468.521874,600,9014.406233
1391.701644,600,9035.55491
1615.848658,600,9046.994725
2163.529696,600,9058.432656
-3353.590832,600,9079.579244
2494.338639,600,9100.132545
2934.894876,600,9111.568418
2064.504337,600,9123.002206
258.06182,600,9144.15894
2672.919113,600,9155.597591
479.855767,600,9176.149396
1526.969334,600,9197.303929
2946.135978,600,9208.73674
505.888598,600,9220.190288
2959.496621,600,9241.350876
2960.54694,600,9261.91304
2880.069126,600,9273.34473
2814.515927,600,9284.787996
254.106951,600,9305.957096
2938.124433,600,9317.37535
2842.944664,600,9337.935561
2943.518028,600,9359.077761
2653.418741,600,9370.512736
2711.329353,600,9381.955991
15.10215,600,9393.392123
2943.624411,600,9423.686394
-18.700813,600,9435.141295
2957.81659,600,9446.586318
2922.075133,600,9467.772112
1386.104548,600,9479.224879
1720.499843,600,9490.665445
2980.45555,600,9520.957685
2918.427361,600,9532.381843
1767.385663,600,9543.814734
1921.314595,600,9555.260361
2975.249865,600,9576.431885
567.447439,600,9596.992221
-94.601176,600,9608.427715
2892.515924,600,9629.583282
2953.623118,600,9640.993665
1741.80878,600,9652.419395
2953.230443,600,9672.956568
2938.670603,600,9694.125005
2973.53168,600,9705.548323
1006.883061,600,9716.983829
1612.957014,600,9738.171781
2930.683073,600,9758.738305
2946.858064,600,9770.180312
2933.925755,600,9781.630485
869.06861,600,9802.795061
158.265792,600,9814.230119
2957.712509,600,9834.807833
2986.401565,600,9855.945233
2924.25313,600,9867.389009
2993.089595,600,9878.829349
447.708178,600,9900.000239
2953.111814,600,9911.454047
22.985984,600,9932.017087
2098.609971,600,9943.46753
2968.097343,600,9964.617374
2930.667985,600,9976.042124
2891.646186,600,9987.461656
2984.898428,600,10017.758145
2926.92354,600,10029.187138
2700.187079,600,10040.617933
2941.428337,600,10052.048092
312.824639,600,10073.217253
2980.080528,600,10093.782243
1486.641915,600,10105.220359
2926.920663,600,10126.37873
2973.279365,600,10137.812035
2971.527863,600,10149.246881
2968.751885,600,10179.550444
2983.271655,600,10191.008519
2914.642938,600,10202.478101
2925.275818,600,10213.93924
2925.276831,600,10235.177227
1046.159837,600,10255.801567
2985.015466,600,10267.237374
36.558178,600,10288.416735
2116.049646,600,10299.841941
1070.72334,600,10311.275861
2785.776662,600,10322.685893
2970.29723,600,10352.969943
2987.227448,600,10364.403139
2409.024678,600,10375.837412
2989.456553,600,10396.995508
2983.248939,600,10408.432965
2972.408891,600,10429.017902
2915.008725,600,10450.186861
2955.840564,600,10461.599706
2929.969111,600,10473.014868
1469.114583,600,10484.527567
2946.510333,600,10515.053971
2987.485025,600,10526.537031
2893.632287,600,10538.031968
2925.778818,600,10559.302903
2974.120006,600,10570.773702
2682.367746,600,10591.452964
2942.565816,600,10602.925507
325.363844,600,10624.171472
2934.520066,600,10635.625545
2956.554575,600,10647.100856
2872.85696,600,10668.362705
2972.247653,600,10688.940053
525.689161,600,10700.402426
1039.359889,600,10711.896921
1406.4085,600,10733.135927
363.041283,600,10744.613837
2984.265428,600,10765.237063
2983.215197,600,10786.459241
1938.123858,600,10797.940206
2969.289915,600,10809.372243
92.031962,600,10830.627421
1761.976021,600,10851.281495
2985.505237,600,10862.719921
730.838884,600,10874.184767
2986.751744,600,10895.410377
2992.188968,600,10906.888524
2979.80922,600,10927.519231
2996.112683,600,10948.743056
175.958814,600,10960.174274
2945.396089,600,10971.613389
2994.641036,600,10983.018875
2976.517487,600,11013.331396
2991.403683,600,11024.811914
2989.579756,600,11036.344189
2987.892151,600,11057.674999
2990.661342,600,11069.165139
2989.264122,600,11080.655989
2987.593503,600,11111.292362
2927.54394,600,11122.825946
2974.518703,600,11134.419916
2981.274011,600,11145.924122
2886.504676,600,11167.388872
2978.444751,600,11188.129508
2976.805888,600,11199.570144
82.871549,600,11221.031441
2955.558443,600,11232.494059
2974.050106,600,11244.201596
2963.728238,600,11264.824899
2950.574004,600,11286.211085
222.333256,600,11297.755113
2873.282785,600,11309.167991
2955.729927,600,11330.609414
2659.088604,600,11351.340422
2769.724031,600,11362.915361
2887.175254,600,11374.439926
2953.279185,600,11395.895369
2968.528734,600,11407.411226
2849.078737,600,11428.127144
2908.500548,600,11449.444984
2994.55373,600,11460.873394
2998.691152,600,11472.34252
2948.664998,600,11493.640718
2989.873738,600,11505.084668
2993.679245,600,11525.725001
2978.9293,600,11537.252463
2830.766577,600,11558.624367
2976.758084,600,11570.140189
2960.301288,600,11581.787111
2855.590104,600,11612.317029
2965.998988,600,11623.74685
2974.383704,600,11635.175704
2972.353715,600,11646.613039
2926.086441,600,11667.783707
2880.10729,600,11688.567981
2922.482123,600,11700.281178
2993.936152,600,11721.546186
2931.26324,600,11733.006934
2776.317479,600,11744.517211
2983.773816,600,11774.939408
1702.077919,600,11786.363506
2984.228561,600,11797.800904
2960.743768,600,11809.255694
2888.122612,600,11830.442893
2949.564972,600,11851.022981
1059.097021,600,11862.439693
2991.177975,600,11883.701646
2983.074906,600,11895.222958
2989.594822,600,11906.660141
2979.691937,600,11918.091805
2978.791535,600,11948.486574
2953.693614,600,11959.905218
2995.041692,600,11971.319994
2990.030729,600,11992.515955
2989.725338,600,12003.926922
2992.868557,600,12024.477604
2990.767715,600,12045.656275
2978.157791,600,12057.083886
2980.604776,600,12068.508741
2986.448749,600,12079.944726
2975.620673,600,12110.246913
2199.014475,600,12121.667683
2978.674974,600,12133.080898
917.641619,600,12154.237854
2972.764944,600,12165.92781
2988.965798,600,12187.512512
2988.763337,600,12199.736325
2976.64735,600,12221.981616
2981.60626,600,12233.98287
1571.444899,600,12245.794367
2988.984734,600,12277.325271
2961.985068,600,12289.388007
2934.520761,600,12301.179663
2992.833627,600,12312.989306
2984.476424,600,12334.967524
2983.560858,600,12346.933469
2979.390018,600,12368.054748
2998.005042,600,12390.137413
2996.081023,600,12401.90557
2973.480383,600,12413.849264
2993.461234,600,12435.606303
2987.770975,600,12456.826807
2997.786179,600,12468.574274
2981.43721,600,12480.448854
2993.42674,600,12502.284131
2990.514778,600,12514.070362
2926.159557,600,12535.208534
2969.16906,600,12556.994802
2970.618887,600,12568.918779
2906.213554,600,12580.633703
2963.356043,600,12592.317585
2987.857165,600,12623.565264
2972.622452,600,12635.440989
1529.482881,600,12647.097343
2996.283682,600,12668.987429
2986.72971,600,12680.640073
2991.11347,600,12692.380846
2974.655653,600,12723.385535
2999.123666,600,12735.034464
2992.635355,600,12746.673063
2992.194666,600,12758.352929
3000.213628,600,12779.970174
2991.937301,600,12800.880512
2998.837072,600,12812.500175
2982.714031,600,12834.098679
2985.2984,600,12845.745538
97.885167,600,12857.380218
2945.561865,600,12878.424039
3000.183905,600,12901.299816
96.994838,600,12913.84879
2996.713142,600,12926.505132
3000.451069,600,12950.908788
3001.604513,600,12973.636382
2319.955096,600,12986.100698
2974.434254,600,12998.417975
2991.451758,600,13021.746638
2999.419983,600,13034.053117
2988.394252,600,13056.262295
3002.850334,600,13079.324312
2998.245458,600,13091.472323
3000.525629,600,13103.680969
2991.445055,600,13126.643369
262.000637,600,13138.80552
3000.032829,600,13160.725228
3000.803668,600,13172.861561
3000.245376,600,13195.648396
3002.541974,600,13207.774807
2270.041769,600,13219.888813
2996.467512,600,13252.197011
-171.575143,600,13264.294455
3001.153475,600,13276.349296
2995.084908,600,13288.419863
2998.220787,600,13310.967785
2999.888619,600,13332.651667
2998.028442,600,13344.685658
406.166305,600,13367.170073
-2883.937139,600,13379.222433
2993.048683,600,13391.244136
2995.417523,600,13423.312719
2996.500718,600,13435.345494
2998.372958,600,13447.377764
2990.066284,600,13459.397473
2983.412706,600,13481.84253
2938.250821,600,13503.421298
2989.576008,600,13515.404419
3002.087179,600,13537.842165
2994.920974,600,13549.810906
2874.79848,600,13561.903887
3001.038093,600,13573.889611
2999.773892,600,13605.727213
2998.672182,600,13617.69046
3000.067198,600,13629.644714
2862.105884,600,13651.974624
2994.737521,600,13663.900899
2995.663736,600,13685.372307
2995.478712,600,13707.809482
3000.033858,600,13719.738372
2998.753467,600,13731.683069
3001.266889,600,13743.697735
2995.958777,600,13775.39025
2998.635063,600,13787.322771
2979.321446,600,13799.259433
3000.525657,600,13821.475301
2994.602343,600,13833.394778
2998.407227,600,13854.771538
3000.385334,600,13866.715743
2998.799573,600,13889.668065
2999.749249,600,13901.643839
2999.562354,600,13914.219716
2997.05932,600,13949.245052
267.87336,600,13961.988891
2999.222536,600,13974.61196
2997.838186,600,13987.11265
2951.50766,600,14010.699894
2993.318795,600,14023.03736
3002.268782,600,14045.377229
-241.913389,600,14068.476828
-5351.756668,600,14080.599636
984.476923,600,14092.843789
-2657.125127,600,14115.739431
-2926.712837,600,14137.751281
-2657.720359,600,14149.927909
-3063.200346,600,14162.05232
-3034.651063,600,14184.865982
3000.664294,600,14197.011712
3001.06322,600,14218.794389
-2369.21661,600,14241.444026
-621.080489,600,14253.499782
-2687.313402,600,14265.548579
890.893281,600,14277.615379
-2651.664049,600,14309.70249
-4861.600267,600,14321.764954
3001.136352,600,14333.854937
2998.131813,600,14356.319211
1985.503608,600,14368.323646
-3067.626934,600,14389.910336
-457.965959,600,14412.601946
2997.031573,600,14424.649866
3002.1649,600,14436.662702
3002.621396,600,14448.638802
2999.307858,600,14471.097047
3001.328292,600,14492.609934
3000.369216,600,14504.59353
2998.027924,600,14526.991608
2998.309651,600,14538.952272
2997.467091,600,14550.998414
2997.69353,600,14572.475996
2973.273869,600,14594.803068
3002.207634,600,14606.74718
2999.923901,600,14618.686472
2989.242165,600,14640.988668
2996.124653,600,14662.371345
2999.505543,600,14674.316223
3001.418115,600,14696.632403
282.745811,600,14708.602499
3001.087471,600,14720.626337
3001.608645,600,14742.002473
3001.788561,600,14764.362177
2998.276378,600,14776.303063
2999.307357,600,14788.238345
3000.982591,600,14810.455536
3001.991352,600,14822.380523
2997.231329,600,14843.741271
3002.766159,600,14855.684838
2998.848703,600,14877.890671
2977.182832,600,14890.341177
2934.021446,600,14902.446735
2934.227815,600,14934.236072
1190.285173,600,14946.878372
-2505.99132,600,14959.443984
2996.585164,600,14972.339025
2980.619711,600,14996.483196
3000.913283,600,15019.061513
3000.637487,600,15031.510862
2959.416413,600,15054.847821
2969.952554,600,15067.105971
624.045717,600,15079.378739
89.686942,600,15112.110875
2999.240243,600,15124.320659
2997.426663,600,15136.507486
2996.459225,600,15148.713651
1502.973647,600,15171.57537
2969.834616,600,15193.469046
2966.405555,600,15205.630071
2851.47103,600,15228.268956
3000.915922,600,15240.340874
2897.610983,600,15252.435798
2994.846535,600,15264.52782
2923.271838,600,15296.638644
2980.357635,600,15308.686859
3001.097351,600,15320.700052
2983.784359,600,15343.159597
2746.54173,600,15355.19804
76.966009,600,15376.823018
-416.896694,600,15399.290783
2997.07986,600,15411.298578
3000.921459,600,15423.305382
3000.676172,600,15435.314707
3000.043239,600,15467.126656
3000.122823,600,15479.099065
-540.747678,600,15491.098351
3001.123907,600,15513.464938
2877.219311,600,15525.415369
3001.10581,600,15546.833203
2998.40592,600,15558.776237
2996.255474,600,15581.132796
2992.505406,600,15593.100999
2999.488809,600,15605.080854
2955.067588,600,15636.887609
2999.31579,600,15648.81318
2984.746595,600,15660.764035
2989.776419,600,15672.701088
2993.877769,600,15694.938457
2995.817312,600,15706.865227
2999.06429,600,15728.243783
2994.241037,600,15750.679165
2997.854772,600,15762.593484
2998.29499,600,15774.547591
2998.795792,600,15796.846245
3001.501836,600,15818.250171
2996.51107,600,15830.15617
3002.46167,600,15842.082433
3000.04756,600,15864.295192
3000.540549,600,15876.188826
2990.154799,600,15897.539774
2995.839355,600,15920.673335
2980.600049,600,15932.543302
3001.592443,600,15945.047778
2999.773742,600,15957.606569
100.297776,600,15992.710531
2998.61743,600,16005.222668
3001.876283,600,16017.684271
3002.083589,600,16041.258018
3000.717403,600,16053.714362
3002.523987,600,16075.995213
3000.065222,600,16099.072525
2996.652451,600,16111.341265
3001.471251,600,16123.527652
102.836173,600,16135.75507
3002.307757,600,16158.623353
3001.265977,600,16180.546168
2998.24033,600,16192.731842
2997.698563,600,16215.505436
3002.656265,600,16227.580641
35.432879,600,16239.663252
3000.82779,600,16261.41123
3003.198586,600,16284.015509
3000.662087,600,16296.079176
2999.660749,600,16308.115909
2977.39874,600,16330.723416
2814.299248,600,16352.427417
2962.636757,600,16364.43141
2834.44537,600,16387.080119
-452.746786,600,16399.072837
1911.072638,600,16411.080142
3001.81022,600,16432.644846
3001.906551,600,16455.083204
3002.475457,600,16467.085703
-4865.454875,600,16479.082982
-1142.035545,600,16501.557746
3004.182758,600,16523.106894
-4278.878497,600,16535.078849
-3903.16993,600,16547.046971
-2376.309295,600,16569.466255
-3583.455809,600,16581.431292
-5377.043822,600,16593.393073
3001.979697,600,16625.254294
1484.700406,600,16637.230333
3001.752819,600,16649.232989
103.724466,600,16661.22461
3001.669833,600,16683.536085
-2275.165231,600,16704.937941
-2356.310441,600,16716.863144
-4647.201698,600,16739.149213
2957.902816,600,16751.152581
2996.010586,600,16763.092767
3001.753442,600,16795.000698
2995.433425,600,16806.959405
3002.603812,600,16818.891383
341.989462,600,16830.837716
2995.331073,600,16853.113323
2971.577472,600,16874.422998
2929.423797,600,16886.354706
2985.498783,600,16908.568471
2992.365357,600,16920.747339
2889.195759,600,16932.658638
2928.40889,600,16944.614285
2956.673489,600,16976.670858
87.186299,600,16989.684258
3000.878219,600,17002.21575
3001.64458,600,17026.419147
3000.031419,600,17038.970652
95.539205,600,17061.480738
2998.236053,600,17084.888645
2997.534469,600,17097.197055
2999.657591,600,17109.472827
2992.406234,600,17121.725195
2899.944765,600,17154.679847
2996.599319,600,17166.889027
3000.385541,600,17179.056916
2966.453333,600,17201.984608
2952.177296,600,17214.171093
2805.8086,600,17236.004453
3001.735294,600,17248.136242
2947.676432,600,17270.834805
2991.685121,600,17282.954167
2991.538312,600,17295.03828
1935.158173,600,17327.288646
2994.213962,600,17339.363661
2990.66622,600,17351.427129
2996.202765,600,17363.499839
3001.330993,600,17386.088878
2999.54967,600,17398.1355
2970.103398,600,17419.744581
2995.297514,600,17442.220491
2985.531397,600,17454.259619
2999.177142,600,17466.255218
2793.255008,600,17488.710973
2908.145538,600,17510.159778
3002.450772,600,17522.15546
2998.696165,600,17534.139349
3000.68038,600,17556.689325
2992.43428,600,17568.671969
2998.679239,600,17590.13436
2994.444291,600,17612.582599
2995.315646,600,17624.536643
2939.0492,600,17636.486364
2982.336598,600,17648.438561
2976.57418,600,17680.227762
3000.924445,600,17692.191483
2997.845156,600,17704.14681
2997.350614,600,17726.466099
2905.536496,600,17738.427324
2992.394954,600,17759.809443
2997.63239,600,17782.430044
2997.768689,600,17794.369584
-717.417855,600,17806.665955
-2731.224112,600,17818.628349
-5465.14153,600,17840.877662
3001.08016,600,17862.340915
2998.625629,600,17874.258941
2998.53411,600,17896.48075
2994.902794,600,17908.426039
-5972.257516,600,17920.358075
2991.622507,600,17941.737668
2995.457892,600,17964.911546
-3049.515766,600,17976.748416
-2095.889007,600,17988.391074
3000.461114,600,18013.804045
2989.455001,600,18037.216336
2997.341082,600,18049.763483
-5093.423036,600,18073.464961
-4680.578797,600,18085.766969
-5247.498388,600,18098.088397
3001.62513,600,18120.417409
-2575.896769,600,18143.52403
2999.646534,600,18155.738416
-4181.334071,600,18167.930725
2999.824101,600,18190.914378
3002.147172,600,18212.916139
-1131.293556,600,18225.126502
2999.792749,600,18237.255304
3001.428586,600,18260.018054
3000.180424,600,18272.113802
2912.540366,600,18284.199505
3000.104092,600,18316.678357
2915.193,600,18328.717546
616.491307,600,18340.7713
2987.762631,600,18352.830369
2999.354162,600,18375.456548
2958.359739,600,18397.177177
3000.480646,600,18409.210497
3000.073739,600,18431.774758
2972.301431,600,18443.762861
1961.28242,600,18455.777576
3000.307936,600,18487.959639
2999.884394,600,18499.914171
2997.242947,600,18511.897917
2999.403192,600,18523.87429
3002.372752,600,18546.354426
2996.685278,600,18567.918437
2998.411035,600,18579.854602
2989.573812,600,18602.258218
3002.208975,600,18614.195835
2999.402991,600,18626.152402
2999.030497,600,18647.727858
3001.090544,600,18670.150816
2999.652941,600,18682.123106
2995.619366,600,18694.112517
2995.806264,600,18716.545141
2994.264149,600,18728.439508
2992.593855,600,18749.944453
2978.874635,600,18772.319199
2999.088769,600,18784.275534
3003.740191,600,18796.245297
3000.618486,600,18808.196269
2952.508863,600,18840.459005
288.896346,600,18852.433237
2984.774442,600,18864.497738
2298.792701,600,18886.796961
-1015.928161,600,18898.707278
3003.232079,600,18920.148782
1012.869294,600,18932.067238
-1895.906385,600,18954.395579
2997.541424,600,18966.304363
152.856204,600,18978.243182
-3507.972775,600,19010.514473
2967.308682,600,19022.403156
2949.551316,600,19035.695048
2968.315042,600,19060.29724
3000.813764,600,19072.886075
2997.92056,600,19085.248789
2871.994214,600,19107.972483
3001.803442,600,19131.404216
2898.197769,600,19143.737959
2966.23886,600,19155.919823
2924.418417,600,19179.082432
2994.903219,600,19201.168772
2974.287335,600,19213.350258
2947.561694,600,19225.475635
2998.435081,600,19248.471646
2935.491054,600,19260.702327
2989.281164,600,19282.544563
2943.02701,600,19305.351584
3002.67176,600,19317.452302
2966.531443,600,19329.552822
96.433156,600,19341.658613
2476.109212,600,19374.009007
2995.472731,600,19386.029388
2606.305695,600,19398.099447
2926.661173,600,19420.699202
3000.25982,600,19432.733417
3.795144,600,19454.443514
2970.291929,600,19477.052493
2995.814535,600,19489.057023
2891.07261,600,19501.069242
2475.111778,600,19513.057782
2980.250846,600,19535.591844
2880.534308,600,19557.216452
2964.274546,600,19569.238481
106.518931,600,19591.816687
-1446.40442,600,19603.753849
-2244.642582,600,19615.696459
3001.317237,600,19637.201343
-2461.931521,600,19659.665529
2434.307077,600,19671.625938
2991.460284,600,19683.552578
-4663.512524,600,19706.028883
350.241869,600,19727.56511
3002.909941,600,19739.546058
2964.015821,600,19761.899524
2999.594298,600,19773.849617
2990.490099,600,19785.79475
2996.261699,600,19807.220244
2997.625941,600,19829.6225
2995.941109,600,19841.67361
2837.097048,600,19853.623494
2981.294876,600,19875.944446
2994.539547,600,19897.390252
2958.24381,600,19909.29246
2988.024031,600,19921.196158
3003.468419,600,19943.545125
2966.302921,600,19955.527898
2987.311948,600,19967.431888
2978.144009,600,19999.215918
3002.89585,600,20011.40385
3003.053368,600,20023.690895
2988.236018,600,20035.376858
2994.723296,600,20059.345417
3002.280929,600,20082.736063
-5178.433153,600,20095.25289
3002.409461,600,20118.973488
3002.000424,600,20131.329741
2992.495482,600,20143.628438
2994.356099,600,20176.889316
2999.974722,600,20189.14252
-2052.917099,600,20201.331134
3000.303871,600,20213.506203
2998.956423,600,20236.535767
3000.530082,600,20258.535293
2983.548513,600,20270.623154
99.296645,600,20293.55272
3000.468586,600,20305.643834
2999.290439,600,20317.733224
3002.200812,600,20339.621197
3000.282629,600,20362.391621
2993.204186,600,20374.513158
3002.444292,600,20386.561301
2970.330994,600,20409.266271
2875.143625,600,20421.31566
2948.953459,600,20443.04199
2967.527643,600,20465.630758
2996.196037,600,20477.625312
2917.875399,600,20489.660439
2985.689902,600,20501.70345
2983.66513,600,20533.868909
2941.846515,600,20545.858225
3001.24566,600,20557.86843
2893.380362,600,20580.302438
2994.705929,600,20592.288942
2891.290622,600,20613.789102
3002.638342,600,20625.797132
3002.148696,600,20648.244992
1146.210687,600,20660.217757
2997.86958,600,20672.188306
3000.951119,600,20704.187404
2661.863733,600,20716.154365
-2561.997044,600,20728.133515
2999.928811,600,20750.550498
3001.678346,600,20762.490842
2943.625155,600,20783.917566
2997.628094,600,20795.858504
-2990.697039,600,20818.185342
3001.499187,600,20830.137439
-1880.11107,600,20842.083311
2991.477827,600,20864.6244
3001.684304,600,20886.135343
2999.19153,600,20898.462043
2978.479934,600,20910.379329
-12901.712442,600,20932.720078
2999.529328,600,20944.630912
3002.514494,600,20966.041266
2603.303857,600,20988.350476
3000.338583,600,21000.278168
2991.7147,600,21012.198855
2939.380191,600,21024.079404
3000.883682,600,21056.360675
2985.365294,600,21067.926941
3000.909944,600,21079.568204
2965.967351,600,21104.885523
3000.244547,600,21117.633348
2993.575416,600,21140.622066
3000.315283,600,21164.173882
2996.334187,600,21176.473693
2997.070081,600,21188.764601
3003.426091,600,21201.034907
3001.768789,600,21224.203077
2996.830519,600,21246.270085
3002.628042,600,21258.464446
2999.53517,600,21281.421675
3000.674874,600,21293.578538
2996.831138,600,21305.691454
3001.426452,600,21327.772399
3000.2991,600,21350.580232
3002.546107,600,21362.701652
1076.689264,600,21374.764028
-835.381066,600,21397.490259
3000.492287,600,21419.259167
2971.339254,600,21431.318537
3001.581257,600,21453.976
2999.402791,600,21466.007189
2995.703007,600,21478.039745
3000.781074,600,21499.770862
3002.529649,600,21522.376588
3001.38111,600,21534.410106
3000.563834,600,21546.433506
2999.200941,600,21568.952659
2997.769146,600,21590.543163
2999.538422,600,21602.552827
3001.661019,600,21614.526978
232.279832,600,21637.018282
2999.91014,600,21648.993448
2999.388833,600,21661.002623
3003.187582,600,21692.994175
3003.386396,600,21704.970876
2998.819587,600,21716.969039
3003.01634,600,21728.934643
2999.042412,600,21751.444317
3001.306108,600,21772.879426
3002.359263,600,21784.874991
2945.141367,600,21807.260727
3000.318227,600,21819.241288
2884.207557,600,21831.221756
2991.361794,600,21863.127744
2996.33904,600,21875.058144
2942.258593,600,21886.983782
2993.83238,600,21899.00274
2934.630151,600,21921.658287
2975.088989,600,21943.103676
2998.488974,600,21955.093762
2994.013989,600,21977.497828
2917.192326,600,21989.431945
3001.554277,600,22001.37053
2927.439453,600,22022.763612
-4866.181576,600,22045.101693
3000.454847,600,22057.027317
-2554.108609,600,22068.954158
-4640.489678,600,22091.787347
-2543.826381,600,22103.34149
-1862.236969,600,22124.138148
-4733.801399,600,22146.536468
2998.901337,600,22158.452448
-1627.378088,600,22170.399414
-4881.973053,600,22182.40507
-2218.67078,600,22214.754586
559.589375,600,22226.747671
3002.274834,600,22238.678999
3002.552229,600,22260.927258
2999.455362,600,22272.871466
-2343.72812,600,22294.223423
1100.555314,600,22306.107304
-2911.256136,600,22328.164566
-5477.078648,600,22339.984102
1011.039657,600,22351.859576
-2257.45797,600,22383.230337
102.311338,600,22395.205824
-487.151359,600,22407.419745
2864.402681,600,22430.06231
-2183.795523,600,22442.077313
-2440.071276,600,22463.519064
2527.895188,600,22475.514331
-5576.877415,600,22497.765041
2995.061997,600,22509.702148
3001.935271,600,22521.614611
-492.520353,600,22543.797505
2999.736554,600,22565.152401
2995.569895,600,22577.035449
-5258.798712,600,22588.934534
3000.141161,600,22611.028522
3001.103417,600,22622.919628
3002.038702,600,22644.477857
2964.171595,600,22668.206534
3001.739652,600,22680.388571
3001.168955,600,22692.616632
2998.442355,600,22704.854996
2987.434027,600,22737.460461
3000.19949,600,22749.636806
2999.22973,600,22761.683704
3001.131833,600,22784.447448
2999.865291,600,22796.492714
3002.101775,600,22818.092305
3002.508251,600,22840.69761
3002.412906,600,22852.743804
2997.210189,600,22864.825366
3002.405002,600,22876.857967
2891.066563,600,22909.152382
2995.521133,600,22921.366577
2999.751928,600,22933.465441
2995.41182,600,22956.253274
2919.13055,600,22968.862051
2993.40973,600,22981.398175
3003.393135,600,23003.646788
2956.431764,600,23026.652989
2737.098094,600,23038.723913
2994.992262,600,23050.829251
2369.794312,600,23073.5503
3001.273263,600,23095.900775
2995.344072,600,23108.190495
2992.406783,600,23131.067968
-6182.496644,600,23143.14164
3002.067798,600,23155.338465
-5840.717974,600,23177.154011
-5734.396674,600,23199.795121
1991.724117,600,23211.873494
3002.43495,600,23223.884761
3000.278053,600,23246.450841
2997.314153,600,23268.059197
-6042.082009,600,23280.277355
3002.892339,600,23292.475642
3002.659844,600,23315.184311
3000.853551,600,23327.520283
3003.249639,600,23339.79857
2788.626404,600,23372.185288
2998.351081,600,23384.288722
1398.751631,600,23396.363294
2970.831415,600,23418.943495
3001.748024,600,23431.09182
2946.219177,600,23452.654155
3001.753137,600,23464.685242
85.354175,600,23487.148098
2859.055485,600,23499.149788
2563.091206,600,23511.150946
-5666.740909,600,23543.058292
2877.557718,600,23555.144481
3001.311123,600,23567.148688
2995.232552,600,23579.163812
2969.143436,600,23601.68406
2999.312702,600,23623.259866
2996.708029,600,23635.330164
2991.814701,600,23659.005002
2987.633174,600,23671.390657
2995.01547,600,23683.601248
2834.088467,600,23705.584718
2943.670062,600,23728.525792
2979.484382,600,23740.682593
2884.753877,600,23752.810143
2999.048392,600,23775.494694
2989.155374,600,23787.574046
2987.518753,600,23809.246336
2885.612635,600,23831.866777
3001.084758,600,23843.890392
3001.661551,600,23855.916021
2894.437917,600,23867.948763
3000.201498,600,23900.155973
2948.492459,600,23912.411832
2883.03789,600,23924.437
102.60226,600,23947.731781
2997.054693,600,23959.994947
3001.25199,600,23981.77727
2998.753258,600,23993.822012
2998.720989,600,24016.531767
2990.210955,600,24028.646431
-151.989763,600,24040.705052
3000.590621,600,24073.411715
2794.936713,600,24085.588607
2822.704406,600,24097.675739
2892.273608,600,24120.99538
98.15718,600,24133.40205
3002.911027,600,24155.339724
2931.727831,600,24167.533751
2979.753183,600,24190.381385
-3208.00765,600,24202.531768
-441.807863,600,24214.642947
-4555.998193,600,24237.323514
-2599.044307,600,24259.412614
-2868.279808,600,24271.515304
176.73128,600,24283.596158
3002.118363,600,24306.714881
3001.102915,600,24319.019153
-2155.310115,600,24340.907274
-1923.023864,600,24363.734462
2976.460147,600,24375.859842
1231.872071,600,24387.929908
-2445.610009,600,24400.044724
-5864.346883,600,24432.326954
-3425.74306,600,24444.353901
2983.218887,600,24456.439792
2964.732498,600,24478.976153
3002.939458,600,24491.018419
3002.640617,600,24512.570174
2997.219568,600,24535.141155
3000.046626,600,24547.164728
2984.918279,600,24559.174943
2990.493186,600,24571.158951
2897.533729,600,24603.6317
2997.20314,600,24615.630462
3002.265411,600,24627.50104
2991.303336,600,24649.661704
2928.556423,600,24661.514408
2991.711726,600,24673.367167
3002.575803,600,24694.660283
2996.487438,600,24716.761345
2990.190395,600,24728.615736
2915.996907,600,24740.479686
2996.312268,600,24762.589401
2590.299207,600,24783.821046
3000.268379,600,24795.673937
77.194336,600,24817.992616
2816.50351,600,24829.877915
2997.510879,600,24841.722296
266.719374,600,24862.861978
2982.984014,600,24884.713575
86.738188,600,24896.464136
2876.089683,600,24908.285936
2994.41484,600,24930.114008
2999.942796,600,24951.264855
2990.723817,600,24962.939458
2985.055383,600,24974.469128
3002.522612,600,24996.13758
2998.4645,600,25007.629166
3000.249755,600,25028.368493
1713.518777,600,25049.779187
3000.479452,600,25061.3191
2998.746534,600,25072.830253
2847.897478,600,25094.278612
3000.473914,600,25105.819016
3001.065321,600,25126.494681
3001.68711,600,25138.032652
3003.068475,600,25159.313102
2905.692319,600,25170.755815
2998.35132,600,25182.219732
-313.89321,600,25212.665324
2683.277321,600,25224.087401
2969.55017,600,25235.517824
2807.041669,600,25246.96041
97.851509,600,25268.230245
2825.232174,600,25288.854208
2982.595861,600,25300.29108
2983.290228,600,25321.576998
2788.717391,600,25333.01666
2995.415224,600,25344.460654
2997.358011,600,25365.083201
2494.369463,600,25386.306345
2998.398172,600,25397.732259
3002.496426,600,25409.180613
3001.159555,600,25430.47351
2994.594186,600,25441.910989
2991.528384,600,25462.498146
2990.695269,600,25483.782832
2919.651719,600,25495.201648
2997.431713,600,25506.633963
3000.689733,600,25518.065248
3000.405864,600,25548.539102
3001.655727,600,25559.971905
2991.018512,600,25571.423396
3002.594987,600,25592.688936
2964.984761,600,25604.124408
-4957.895176,600,25624.750965
-1918.900045,600,25636.179706
1275.713432,600,25657.458256
1884.074825,600,25668.915233
943.56077,600,25680.356203
2994.413893,600,25710.792926
2997.82,600,25722.220488
2952.576388,600,25733.630488
2997.136373,600,25754.90002
3001.708501,600,25766.318817
3000.445833,600,25786.927597
-749.617644,600,25798.34085
2998.845826,600,25819.604252
2993.312434,600,25831.037939
2999.328254,600,25842.476135
-2850.334977,600,25863.739797
2998.585496,600,25884.347239
3002.641938,600,25895.783982
2942.400653,600,25907.212752
2855.460817,600,25928.438687
2640.103613,600,25939.867187
3000.935995,600,25960.451821
3000.387574,600,25981.737408
3000.58636,600,25993.197839
2999.865221,600,26004.64147
3003.34413,600,26016.07892
2923.363546,600,26046.608935
2359.351412,600,26058.069092
2999.331352,600,26069.496988
2999.763821,600,26090.858229
3000.902478,600,26102.268755
2978.922834,600,26122.858053
2999.577527,600,26144.240016
3003.044809,600,26155.674937
2994.242369,600,26167.110018
2998.668871,600,26178.556292
2502.053199,600,26209.068732
2720.300795,600,26220.499976
101.010116,600,26231.931009
3001.896205,600,26253.225215
3002.701864,600,26264.656893
2807.351001,600,26276.108746
2969.282184,600,26296.701567
2630.854477,600,26318.043133
2991.368358,600,26329.496814
2983.516414,600,26340.940605
2991.285937,600,26362.249904
2992.669531,600,26382.890159
2797.120777,600,26394.329482
2998.949753,600,26415.68938
101.535948,600,26427.138946
3002.480255,600,26438.583949
2997.300888,600,26459.184077
2819.912686,600,26480.514497
2999.892056,600,26491.946951
2950.001284,600,26503.384284
3001.529752,600,26524.73654
3001.939239,600,26545.319806
2998.536889,600,26556.747537
3002.869457,600,26568.175224
105.141627,600,26589.438872
2929.611471,600,26600.86539
3001.562963,600,26621.445343
3002.150865,600,26642.710639
99.550659,600,26654.154366
2948.809867,600,26665.579895
2985.601236,600,26686.957793
3002.579372,600,26698.377036
2973.739249,600,26718.986502
1963.15701,600,26730.43019
3000.65619,600,26751.716691
2999.421625,600,26763.141221
424.640051,600,26774.579944
2998.638667,600,26805.033914
2935.034239,600,26816.453564
3001.585408,600,26827.87897
2885.16863,600,26839.299694
3000.36095,600,26860.641468
3000.160227,600,26881.275742
3000.839205,600,26892.693832
2997.35223,600,26913.997199
3001.149443,600,26925.421343
2998.429097,600,26936.858631
2998.9804,600,26957.51614
2994.545208,600,26978.825887
2997.452803,600,26990.272782
2995.649681,600,27001.700765
2994.481089,600,27022.990371
2998.730142,600,27043.610639
2994.76676,600,27055.043193
3000.519542,600,27076.333324
3000.272779,600,27087.753237
2983.718314,600,27099.182217
2963.345103,600,27110.611542
2991.215101,600,27141.057512
2954.856359,600,27152.496593
2938.091433,600,27163.917339
100.353174,600,27185.224406
3001.1391,600,27196.656106
3001.509868,600,27217.242334
3002.33781,600,27228.668183
-4885.795208,600,27249.946714
3001.046346,600,27261.357848
2999.143175,600,27272.771055
-5489.687189,600,27303.174908
3002.103106,600,27314.618151
-5332.939352,600,27326.057954
2997.491238,600,27347.349939
3002.546952,600,27358.786186
-4749.480818,600,27379.374709
3002.645801,600,27390.803036
-10533.079071,600,27412.042104
-11365.208083,600,27423.455933
3000.947586,600,27434.881242
-8493.533039,600,27456.11818
3000.992626,600,27476.707213
3000.901963,600,27488.159911
-10327.390189,600,27499.607705
3002.190279,600,27520.851953
2994.432321,600,27532.299997
1623.239868,600,27552.902078
3001.963545,600,27574.132312
2995.733158,600,27585.561749
2999.537479,600,27596.975155
3000.462503,600,27618.243031
3002.366903,600,27638.818997
2999.314684,600,27650.255358
3001.639344,600,27661.697359
77.188698,600,27682.958911
2997.889478,600,27694.383791
2998.858002,600,27714.976989
3001.268493,600,27736.223598
2999.31077,600,27747.636029
3001.121413,600,27759.079119
3000.377306,600,27770.512538
3000.080641,600,27800.915869
2984.016534,600,27812.36023
-5799.285503,600,27823.800011
2999.468471,600,27845.06464
2999.160927,600,27856.498817
2999.486777,600,27867.914112
2997.256429,600,27888.467408
2996.608309,600,27909.697947
3001.054871,600,27921.107199
2999.342783,600,27932.518067
2998.415708,600,27953.740395
2997.242274,600,27974.310164
2997.099223,600,27985.749952
2996.316334,600,28007.003406
2997.681886,600,28018.528945
2999.644217,600,28029.954823
3000.929637,600,28050.540172
2995.512797,600,28071.773938
2994.647622,600,28083.186154
3000.76252,600,28094.616131
2998.137738,600,28115.856728
2998.488234,600,28136.429034
2995.541271,600,28147.851968
2997.49325,600,28159.291275
3000.857421,600,28180.59651
2991.849107,600,28192.046696
2994.69131,600,28212.701966
2997.330621,600,28233.957454
2999.284178,600,28245.377208
3000.633412,600,28256.789303
3000.089147,600,28278.037135
2997.321182,600,28289.471396
2998.720072,600,28310.033355
3001.485106,600,28321.461893
59.38611,600,28342.731039
2999.286111,600,28354.162771
3000.959155,600,28365.586346
3001.622264,600,28396.006691
3002.587564,600,28407.447277
3001.388779,600,28418.867039
3001.488134,600,28430.308234
3001.110013,600,28451.59799
3001.809947,600,28472.178922
3002.183037,600,28483.60906
2991.975133,600,28504.848166
2998.81005,600,28516.271753
3001.68491,600,28527.702869
3002.253936,600,28548.28758
2996.814405,600,28569.52842
2992.811277,600,28580.979993
2999.220078,600,28592.409966
3001.094307,600,28613.677581
2998.184129,600,28634.262738
3000.089631,600,28645.684752
3001.760027,600,28666.961376
3001.374753,600,28678.371757
3002.527033,600,28689.79409
2989.033,600,28701.21324
-1218.412561,600,28731.614206
-1208.393904,600,28743.034894
-1745.0639,600,28754.449437
-5846.836134,600,28775.697933
3001.144359,600,28787.11775
3000.157743,600,28807.828197
-2684.701133,600,28819.759123
-509.994296,600,28841.41829
3003.384115,600,28853.009458
-5497.998317,600,28864.566189
-2842.648084,600,28895.439971
3002.988031,600,28907.002929
3001.68126,600,28918.607146
-5506.456663,600,28940.138052
-2878.943952,600,28951.695089
-4500.123104,600,28972.498234
3001.11158,600,28984.032381
2998.813574,600,29005.542456
-2694.994828,600,29017.09236
860.639297,600,29028.667236
3002.690336,600,29059.428849
3002.064576,600,29070.943062
3003.017522,600,29082.472535
3002.453853,600,29093.947805
3003.528881,600,29115.479323
-2703.358483,600,29126.993005
3002.859512,600,29147.791766
3002.884339,600,29169.277164
-2585.810084,600,29180.827086
3002.725095,600,29192.352098
-1477.026425,600,29213.84131
3002.266958,600,29234.605027
3002.581588,600,29246.16203
3003.314849,600,29257.714023
3001.667352,600,29279.279533
-5477.406864,600,29290.893746
3002.738065,600,29311.753087
3001.563156,600,29333.279853
3002.487409,600,29344.841288
3001.398788,600,29356.437787
3001.724439,600,29368.04319
3002.070775,600,29398.909
3001.37506,600,29410.439467
3000.92899,600,29421.968504
3001.842395,600,29443.514721
3001.752266,600,29455.091993
3002.249679,600,29466.661527
3003.030307,600,29487.44558
3002.236579,600,29509.072022
3001.454525,600,29520.654827
3002.816802,600,29532.25005
3001.748766,600,29553.851887
3002.952676,600,29574.707988
3002.489782,600,29586.218973
3002.746534,600,29607.576733
3001.350069,600,29619.046627
3001.648592,600,29630.498107
3002.639878,600,29651.13447
104.980589,600,29672.681841
3002.876616,600,29684.256124
3002.48598,600,29695.840128
3002.706743,600,29717.615281
3002.643106,600,29738.708374
3003.104975,600,29750.481136
3002.085341,600,29762.37579
3001.828703,600,29784.200981
3002.4699,600,29795.823156
3002.881309,600,29816.802225
3001.725777,600,29838.597041
3002.271877,600,29850.263143
3000.61766,600,29861.93107
3001.562049,600,29883.802156
2999.078879,600,29895.724443
3002.716489,600,29917.346808
3003.087886,600,29929.410461
3002.526878,600,29951.489434
3002.207482,600,29963.316852
3002.220018,600,29975.127538
3001.545912,600,30006.804351
3001.087572,600,30018.733292
3002.35909,600,30030.570857
3000.005252,600,30042.371231
-4583.300973,600,30064.514231
-6007.766915,600,30085.772359
-4270.914511,600,30097.623119
-5930.613928,600,30119.680327
2299.06986,600,30131.560534
-5409.846289,600,30143.437946
-3317.271205,600,30165.388752
-5867.774143,600,30187.38999
3002.736873,600,30199.155192
3002.446435,600,30211.048807
-3462.680757,600,30233.055232
3002.775484,600,30254.303476
3002.36287,600,30266.052053
-2909.99244,600,30288.000002
3002.054326,600,30299.872637
3001.911752,600,30311.73257
-3161.116465,600,30323.585926
3002.01079,600,30354.933968
-5125.449489,600,30366.960047
-6040.782012,600,30378.962102
-5978.071413,600,30402.1171
-4819.621411,600,30413.946026
-5980.531228,600,30435.151115
-1353.553175,600,30447.000922
3002.46575,600,30468.948531
3002.471939,600,30480.778978
-5134.665573,600,30492.492329
3001.281682,600,30523.821923
3000.294436,600,30535.651719
3001.788392,600,30547.499107
3002.203061,600,30569.448392
-5818.571885,600,30581.404416
-2231.575851,600,30602.651032
2470.293062,600,30614.497398
2999.742957,600,30636.46963
3001.872804,600,30648.224254
-3172.800091,600,30660.058066
3002.407664,600,30691.431356
3001.328423,600,30703.270345
1752.339269,600,30715.035926
-2550.527557,600,30726.88229
3002.440364,600,30748.861088
3001.275174,600,30760.908979
3002.192653,600,30782.148337
3002.123815,600,30804.084315
2998.960078,600,30815.94527
3002.208623,600,30827.780222
3000.445331,600,30849.796096
3002.767772,600,30870.981455
3001.017491,600,30882.808487
3002.672112,600,30894.65244
2998.94788,600,30916.615946
3000.332678,600,30928.439866
3003.102046,600,30949.570983
3002.605783,600,30971.620349
3002.318404,600,30983.467469
3002.25899,600,30995.2835
3002.246745,600,31007.089079
3001.84285,600,31038.418494
3002.354776,600,31051.292212
3001.721189,600,31063.610141
3002.542811,600,31085.541242
3002.332462,600,31097.309391
3003.148492,600,31118.48997
3002.486428,600,31130.309668
3002.59713,600,31152.247693
3000.988551,600,31164.024858
3002.651901,600,31175.831242
3002.611466,600,31197.822435
3002.72619,600,31219.151254
3001.077272,600,31231.012015
3001.129505,600,31253.052989
3002.148057,600,31265.046752
3002.331275,600,31276.94445
3002.025384,600,31298.180143
102.152814,600,31320.230231
3002.570812,600,31331.997575
3001.984596,600,31343.870169
3002.568951,600,31366.055522
-1717.830248,600,31387.180543
3003.141386,600,31399.056845
3002.687657,600,31410.901873
3002.353323,600,31432.771053
3000.069319,600,31444.492571
3001.366512,600,31465.629728
3000.501542,600,31487.823412
3002.141568,600,31499.381685
3001.383259,600,31511.046425
2769.812879,600,31533.199857
2944.684379,600,31544.806993
3002.485186,600,31565.719468
3002.55263,600,31577.429014
644.620807,600,31599.087124
-386.514592,600,31610.690446
-3605.570137,600,31622.299186
-6136.445073,600,31653.207217
3002.881472,600,31664.878188
-5903.787053,600,31676.356847
3002.920195,600,31687.82899
3003.048914,600,31709.194935
-3058.32592,600,31729.881982
3003.593232,600,31741.353052
3001.800476,600,31762.730976
-5351.772713,600,31774.205857
3002.549395,600,31785.73223
3001.51075,600,31816.333661
-4399.206565,600,31827.8041
3001.196774,600,31839.325083
-5685.036849,600,31850.79595
-5477.884875,600,31872.206346
2999.550019,600,31892.904106
3001.59718,600,31904.376974
3001.707968,600,31925.787529
938.6647,600,31937.241504
3001.349569,600,31948.718686
3002.573694,600,31960.327224
3002.434747,600,31990.925437
3000.286236,600,32002.370897
3000.360576,600,32013.839814
3002.293768,600,32035.254918
3002.040418,600,32046.717977
3001.717889,600,32067.384165
2996.140901,600,32078.836063
3000.793768,600,32100.260998
3001.13682,600,32111.724267
2981.608875,600,32123.198221
3002.150712,600,32153.908135
3001.853235,600,32165.38581
3001.60658,600,32176.878199
3003.06375,600,32198.298859
3001.53393,600,32209.779175
3001.560162,600,32230.436399
3002.326965,600,32241.900133
3000.753304,600,32263.304056
3002.431708,600,32274.788172
3000.515663,600,32286.271916
3002.527366,600,32316.874392
2999.363189,600,32328.35611
2999.559169,600,32339.837506
2996.066519,600,32351.311217
2998.280956,600,32372.726039
2997.474886,600,32384.213977
3003.054417,600,32404.881797
2982.048244,600,32426.305174
2998.362443,600,32437.771179
3001.850379,600,32449.24671
3002.160974,600,32470.67443
3000.557259,600,32491.448907
2999.264078,600,32503.073091
2998.846336,600,32514.56909
3000.948561,600,32536.216401
2964.698745,600,32548.366201
2999.78393,600,32570.113198
3002.312957,600,32592.608404
2999.569848,600,32604.552801
2999.755462,600,32616.457713
2994.033359,600,32628.348884
3002.420926,600,32660.009098
3002.259334,600,32671.814521
2996.190571,600,32683.62216
3002.739924,600,32705.733428
3001.472426,600,32717.544516
3002.322555,600,32738.69118
3002.428232,600,32750.478524
3001.086145,600,32772.503179
3000.143954,600,32784.25533
3002.356445,600,32796.020195
3001.412981,600,32817.950337
1437.539516,600,32839.03829
2999.413006,600,32850.789411
3001.650199,600,32872.671127
3001.174566,600,32884.416434
3003.26134,600,32896.141814
3002.647671,600,32917.192431
2982.525344,600,32939.111347
3001.378577,600,32950.829338
2997.30809,600,32962.54071
2967.447338,600,32984.395334
2731.530418,600,33005.44503
2997.377873,600,33017.145252
2980.711053,600,33028.838735
2995.350854,600,33050.629306
2997.434648,600,33062.353989
2982.489428,600,33083.352036
2981.719528,600,33105.186579
2992.274047,600,33116.974357
2994.95339,600,33128.713899
2879.735395,600,33150.505105
2998.757223,600,33171.541598
2998.080663,600,33183.174157
-3002.690363,600,33194.784229
3001.44777,600,33216.438585
3002.875423,600,33228.068292
2998.258741,600,33239.860218
3002.330164,600,33270.456939
3001.935942,600,33281.994458
3000.415983,600,33293.42296
3000.112489,600,33304.871927
2990.145331,600,33326.147499
2997.748405,600,33346.756111
2995.523207,600,33358.186782
-1007.662389,600,33379.49196
784.355029,600,33390.937041
3001.598529,600,33402.368434
3001.683461,600,33432.879333
3000.815925,600,33444.307132
2994.092856,600,33455.725093
2791.640589,600,33467.169896
2227.390371,600,33488.453396
2995.334356,600,33509.091021
2998.897466,600,33520.521159
777.4834,600,33541.81871
2999.28199,600,33553.263951
2997.450361,600,33564.691313
2878.263256,600,33576.125255
2998.413994,600,33606.599973
3001.127443,600,33618.059146
2998.541968,600,33629.504098
2995.512633,600,33650.827852
3001.4584,600,33662.275196
2998.96692,600,33682.909219
2994.090719,600,33694.349382
-501.173807,600,33715.655415
2999.412919,600,33727.099384
2988.608738,600,33738.622131
2971.625323,600,33769.073952
2991.630119,600,33780.511154
3000.210456,600,33791.953009
2954.292989,600,33813.277098
2992.273303,600,33824.713238
2990.465672,600,33845.341245
3000.750067,600,33856.763229
2983.198564,600,33878.069855
2137.757077,600,33889.49347
2995.481941,600,33900.925688
2943.756861,600,33931.464795
2998.162658,600,33942.9022
3001.446097,600,33954.351001
2998.437936,600,33965.806914
2999.920054,600,33987.179692
2994.578743,600,33998.620894
2999.578029,600,34019.221896
2985.595886,600,34040.566226
2998.814762,600,34052.022927
3002.072551,600,34063.458083
2997.007852,600,34084.786827
2996.670893,600,34105.384938
2968.893712,600,34116.833259
3001.324617,600,34128.263987
2923.606709,600,34149.598845
2997.965985,600,34161.032949
3000.395591,600,34181.654189
2998.354423,600,34202.994467
3001.157247,600,34214.406767
103.000369,600,34225.843815
3002.339574,600,34237.277862
2995.999253,600,34267.818508
3002.055335,600,34279.247929
3002.451573,600,34290.695539
2975.214267,600,34312.036148
2852.152336,600,34323.466797
2985.096386,600,34344.053145
2999.403616,600,34355.486354
2999.925662,600,34376.861039
3002.208002,600,34388.305912
2887.512678,600,34399.724902
3002.511171,600,34421.397812
2998.726595,600,34443.431922
3002.829408,600,34455.51038
2943.348485,600,34478.580743
2596.260575,600,34490.870157
-278.244535,600,34503.256384
2986.758136,600,34526.037481
2592.174373,600,34549.16999
2508.065906,600,34561.0877
2999.711795,600,34573.026044
2650.65138,600,34595.001318
2444.457644,600,34619.498518
-20.575599,600,34632.751943
2637.190527,600,34645.84772
2995.491218,600,34671.035641
3000.261289,600,34683.855564
100.384938,600,34708.954803
2999.472134,600,34735.06493
2998.717335,600,34748.095928
2479.021778,600,34761.007984
2951.349005,600,34787.922518
2900.712414,600,34812.199384
2978.353224,600,34825.261457
2711.56409,600,34838.153199
2605.834965,600,34864.965051
2781.489133,600,34878.445855
2902.425127,600,34891.294966
3002.061103,600,34929.038749
3002.050863,600,34942.441468
2932.131499,600,34955.852587
3001.624319,600,34968.641052
2633.341601,600,34994.136857
3001.586828,600,35019.541665
3002.07411,600,35032.495037
