#{"t_start": 1656794363.5048711, "env_id": "uav-v0"}
r,l,t
-16273.436726,600,26.06177
-14902.503984,600,51.576336
-4289.633492,600,77.114651
-12356.808415,600,114.305289
-7704.990427,600,139.949908
-9817.97932,600,183.704181
-12942.158668,600,220.812572
-10390.452536,600,246.311406
-25269.9865,600,271.844092
-17073.449075,600,297.376849
-9798.054843,600,352.603936
-9224.797348,600,378.21624
-11800.227332,600,403.769193
-18690.018754,600,440.737739
-8210.436367,600,466.301177
-8189.634083,600,510.02877
-26326.636836,600,535.589527
-10687.891659,600,572.526045
-2668.471587,600,598.059341
-15255.827077,600,623.602337
-9639.091808,600,678.674432
-9626.028364,600,704.240803
-14314.353366,600,729.77066
-5697.599941,600,766.555779
-4588.936489,600,792.206234
-7159.193275,600,817.817045
-11788.671965,600,861.463171
-21092.374465,600,898.349852
-158.049407,600,923.943383
-11095.730992,600,949.559457
-8327.819349,600,986.386891
-6269.323703,600,1030.22085
-6152.458896,600,1055.769101
-14126.549249,600,1081.390059
-2898.273911,600,1118.319232
-6482.75707,600,1143.924793
-3303.128077,600,1187.631198
-3723.004858,600,1224.44726
-647.681705,600,1250.109378
-10124.389678,600,1275.696642
-5095.936179,600,1312.478096
-733.254801,600,1356.302445
-2793.938061,600,1381.905493
-2476.067624,600,1407.491337
-6422.676624,600,1444.307333
-2404.001495,600,1469.911495
-10491.488097,600,1513.568099
-2230.249144,600,1550.309227
-1125.496489,600,1575.973901
-6.037426,600,1601.559194
-245.489228,600,1627.064046
-3110.992527,600,1663.869277
-4540.963779,600,1707.533868
-878.797556,600,1733.091267
2758.822316,600,1769.787998
-5278.497541,600,1795.427199
1480.870699,600,1820.998773
-6356.9609,600,1864.70212
-1473.49397,600,1901.566312
-8507.652117,600,1927.185451
-13668.528362,600,1952.793633
854.858103,600,1989.551054
-3705.506901,600,2033.442702
-4584.816397,600,2059.029015
1525.730882,600,2095.738575
-1567.075258,600,2121.441052
3778.88654,600,2147.048885
-10407.470148,600,2190.710424
-1960.808949,600,2227.486272
-1778.002259,600,2253.184036
-6187.503996,600,2278.766205
-5330.018968,600,2315.549427
-1125.933525,600,2359.333023
-2871.214187,600,2384.979242
-31296.472796,600,2410.596982
3338.807122,600,2447.341101
754.885848,600,2472.99
-3938.470693,600,2498.574579
-763.542149,600,2553.400825
-927.584523,600,2579.05235
-1715.792163,600,2604.66485
-5536.971958,600,2641.420373
-13967.662033,600,2667.033432
-9544.529993,600,2710.92859
1488.329285,600,2736.536386
676.278824,600,2773.223377
2742.512424,600,2798.875485
-231.985657,600,2824.463041
3065.225834,600,2879.305051
-1263.272634,600,2904.981084
1614.185591,600,2930.667264
703.275569,600,2956.338744
-1526.051566,600,2993.104262
-6492.268457,600,3036.983498
-1364.035697,600,3062.560333
-3442.458529,600,3099.269283
783.280979,600,3124.875172
1561.090259,600,3150.515211
1517.113173,600,3205.412829
600.227904,600,3231.057243
1224.018834,600,3256.694374
2574.439825,600,3282.312118
2059.025485,600,3318.988918
-2932.505823,600,3344.617295
-2544.078933,600,3388.444623
-191.648376,600,3425.234198
-1634.494316,600,3450.784739
2121.62647,600,3476.394709
-414.373319,600,3502.011672
1537.567772,600,3556.920853
1198.271748,600,3582.567548
1912.841643,600,3608.172831
-729.234696,600,3644.908713
-1387.865665,600,3670.550095
667.716928,600,3714.409576
1325.13635,600,3740.065044
-5170.132851,600,3776.805606
-1566.876994,600,3802.4261
3502.593745,600,3828.116525
-202.86411,600,3883.515107
4832.865283,600,3909.171682
5122.343035,600,3934.829373
432.348873,600,3971.549945
2203.69098,600,3997.191424
-1499.894855,600,4022.894224
1635.450316,600,4066.769607
983.194467,600,4103.568807
-978.480696,600,4129.218932
-1882.000198,600,4154.897412
-112.287976,600,4191.648623
-5542.627346,600,4235.351224
-549.981162,600,4261.001157
-4450.312418,600,4286.645917
2287.177405,600,4323.371194
1716.970227,600,4349.002139
73.911875,600,4392.947481
740.234057,600,4429.687215
2652.275702,600,4455.333537
-8515.427917,600,4480.993809
1449.968872,600,4517.715152
1610.011074,600,4561.551223
1311.775147,600,4587.152175
3734.024438,600,4612.708046
-906.124754,600,4649.349582
5219.338159,600,4674.968982
721.937003,600,4718.689618
546.451552,600,4755.351757
13.980341,600,4780.927888
-290.19329,600,4806.533233
-2540.337795,600,4832.141106
-8180.970546,600,4868.772225
4552.51969,600,4912.508966
-2028.419895,600,4938.146939
-3972.432376,600,4974.815983
-1621.639117,600,5000.393239
-108.598003,600,5026.005922
481.675779,600,5069.750797
1464.057158,600,5106.484231
172.015341,600,5132.115426
2849.953767,600,5157.737069
-876.648318,600,5194.462749
5287.755898,600,5238.229378
1249.471082,600,5263.80922
2085.642626,600,5300.506364
895.117955,600,5326.108234
1635.212177,600,5351.735208
259.277035,600,5395.529605
5367.177406,600,5432.1769
1744.357481,600,5457.760456
1956.092319,600,5483.38571
-1156.566851,600,5520.113755
602.287601,600,5563.911008
-790.022905,600,5589.539417
793.336493,600,5615.21372
22.540075,600,5651.905562
3466.580539,600,5677.531519
349.409249,600,5703.250117
1259.995098,600,5758.115877
5398.453149,600,5783.648832
107.737209,600,5809.249085
-1373.281325,600,5845.992869
4650.759231,600,5871.607177
-184.118243,600,5915.427832
1442.622224,600,5941.091993
-988.951533,600,5977.805147
1493.064096,600,6003.481522
2047.158518,600,6029.129107
-1254.432474,600,6084.002153
3862.068353,600,6109.585681
1168.520681,600,6135.214134
3544.459011,600,6160.816541
1389.228341,600,6197.565302
4596.556116,600,6241.34815
4838.774369,600,6266.949138
2818.483208,600,6303.728136
1791.431236,600,6329.341174
-2345.431757,600,6354.981552
4809.134694,600,6409.848444
4101.290231,600,6435.529309
958.54455,600,6461.125435
2928.85262,600,6486.832416
631.436237,600,6523.543
3523.80276,600,6549.161949
1713.492734,600,6592.918891
2968.769922,600,6629.654541
5008.098804,600,6655.291064
2713.213394,600,6680.868454
6875.372549,600,6706.527081
4307.814479,600,6761.423133
2336.923789,600,6786.972564
6120.798535,600,6812.566615
4006.002177,600,6849.259995
3977.724041,600,6874.837731
3420.541746,600,6918.54984
5752.936797,600,6944.140162
3783.158584,600,6980.846093
1118.195411,600,7006.353374
3910.31215,600,7031.915188
2635.331095,600,7086.77197
-1334.716293,600,7112.326167
2862.912368,600,7137.929359
4047.53134,600,7174.616671
3932.962857,600,7200.27809
1526.251373,600,7243.950186
1643.751705,600,7269.529235
-4239.493324,600,7306.22491
2712.340633,600,7331.802973
2087.906682,600,7357.383295
1697.620538,600,7393.532683
2689.046532,600,7436.767973
-2779.402724,600,7462.131491
2474.659116,600,7487.47915
4269.447579,600,7523.599762
5056.86033,600,7548.919296
3539.408285,600,7592.150699
4546.846637,600,7628.135357
5845.012936,600,7653.491766
3904.693789,600,7678.890859
2891.462219,600,7714.844654
6272.878384,600,7758.161477
5604.320403,600,7783.795504
1457.740916,600,7809.103102
3599.370481,600,7845.151233
2698.454946,600,7870.472704
2474.079013,600,7913.734976
663.080225,600,7949.684134
3903.106504,600,7975.098341
1298.116883,600,8000.437927
3329.50015,600,8025.766699
4298.528386,600,8061.773964
4402.175759,600,8105.117345
2663.289625,600,8130.468962
3720.979864,600,8166.443521
5887.383936,600,8191.871972
2169.472043,600,8217.266424
980.868274,600,8260.577519
3493.040455,600,8296.587676
5933.574127,600,8321.919668
3473.320483,600,8347.278296
3939.985866,600,8383.271981
4892.234653,600,8426.547
5468.482045,600,8451.91313
1865.927034,600,8487.882357
1680.667664,600,8513.300047
5703.382615,600,8538.675053
2617.474021,600,8581.962415
7430.746749,600,8617.979977
5232.658867,600,8643.374943
7887.458623,600,8668.728251
1431.229961,600,8704.702254
3440.086981,600,8748.025755
4368.581447,600,8773.390055
5324.809689,600,8798.757948
-540.220573,600,8834.788627
5186.667626,600,8860.166959
3212.263076,600,8885.529218
513.833381,600,8939.437257
5140.856094,600,8964.83173
3921.61567,600,8990.190883
4966.206274,600,9026.166586
4274.725318,600,9051.56153
2841.097588,600,9094.850021
4311.479137,600,9120.21664
5756.164573,600,9156.217941
8552.485332,600,9181.599799
1803.718823,600,9206.948608
2465.206181,600,9260.874047
5317.713441,600,9286.281284
2300.143606,600,9311.683893
2847.555341,600,9337.019965
3336.575181,600,9373.04675
4255.137199,600,9416.309723
5503.015958,600,9441.65476
1679.767756,600,9477.639492
4607.153809,600,9503.056571
5961.052682,600,9528.456454
4874.975699,600,9582.374959
1765.616809,600,9607.761306
3964.96974,600,9633.121532
4699.879712,600,9658.470061
3412.111805,600,9694.459428
4548.826429,600,9719.828248
5046.26149,600,9763.079141
89.028846,600,9799.026855
2126.716354,600,9824.414376
4839.885692,600,9849.804225
-48.704538,600,9875.161513
3690.209741,600,9929.143945
4290.361632,600,9954.525577
227.720787,600,9979.901356
4914.01077,600,10015.882619
2908.875645,600,10041.246097
2293.381841,600,10084.486514
5249.0048,600,10109.82765
4011.533802,600,10145.824702
5353.763974,600,10171.18274
5622.327776,600,10196.534154
7303.915492,600,10250.489674
6156.983467,600,10275.86672
4745.183503,600,10301.247708
5176.218674,600,10337.232843
3770.941649,600,10362.647854
4324.249692,600,10405.961228
5416.930238,600,10431.286997
3249.159192,600,10467.266807
3691.514433,600,10492.650373
5682.140965,600,10518.019099
7423.826604,600,10554.015599
6613.395532,600,10597.367326
5796.481761,600,10622.728177
8024.493221,600,10648.095306
6089.770286,600,10684.213656
6267.021133,600,10709.613475
-517.836378,600,10752.877281
3406.672134,600,10788.863487
5724.83095,600,10814.256721
2726.649612,600,10839.639149
4598.936573,600,10875.609164
6354.395049,600,10918.923083
2256.208096,600,10944.22804
3215.460662,600,10969.571439
4217.736488,600,11005.537413
-6999.819115,600,11030.872138
6409.665763,600,11074.063815
7674.46262,600,11110.026038
8235.45673,600,11135.361739
5062.195421,600,11160.706733
5398.852751,600,11186.040172
5600.743766,600,11239.9429
3171.759763,600,11265.314277
1809.023454,600,11290.656722
3245.074323,600,11326.636233
6408.36916,600,11352.010904
3971.39949,600,11377.404752
4429.612258,600,11431.333127
4697.661604,600,11456.73726
2510.276119,600,11482.130498
3091.345182,600,11507.488828
6288.508408,600,11543.473196
674.638317,600,11586.845349
7313.569341,600,11612.19645
6231.332942,600,11648.173036
7398.232271,600,11673.606588
3687.722977,600,11699.004438
7636.585027,600,11742.281735
2483.191706,600,11778.255764
5474.696314,600,11803.581954
1980.656423,600,11828.904195
2642.172913,600,11864.866229
5264.025239,600,11908.356488
5407.79807,600,11933.864027
3763.267841,600,11959.192284
-7713.750107,600,11995.219895
4330.35695,600,12020.601775
3254.64204,600,12045.940863
5470.434139,600,12099.843315
4482.954617,600,12125.193869
6616.242013,600,12150.539935
4744.247408,600,12186.493551
2883.944608,600,12211.842188
-2587.511973,600,12255.173569
5264.260112,600,12280.497871
3422.949678,600,12316.462338
7071.837102,600,12341.795066
6356.875329,600,12367.129587
5202.45159,600,12421.004562
5838.512621,600,12446.376147
7768.132069,600,12471.89933
2168.5523,600,12497.226439
4459.538657,600,12533.220729
4203.056138,600,12576.559596
6577.906178,600,12601.915695
6002.159655,600,12637.864182
4893.691714,600,12663.233922
6721.853921,600,12688.598883
1266.370492,600,12742.460772
6857.145439,600,12767.857118
5951.185032,600,12793.306345
2085.84111,600,12818.711317
4619.900408,600,12854.68846
6612.444801,600,12880.075511
3990.85623,600,12923.384863
4533.891369,600,12959.350986
4000.411583,600,12984.719063
2850.975603,600,13010.094285
6524.380378,600,13035.422807
5448.606891,600,13089.348855
3943.756199,600,13114.758841
4227.14983,600,13140.119286
5970.368513,600,13176.079968
4145.667157,600,13201.472589
2014.721574,600,13244.781883
5072.881889,600,13270.090277
4378.986059,600,13306.053161
6458.276179,600,13331.444801
1198.441672,600,13356.954249
-3058.502311,600,13410.864465
6418.458346,600,13436.211034
3109.201506,600,13461.569086
4839.707484,600,13497.534822
3978.592075,600,13522.879812
7233.085506,600,13566.207677
4167.421693,600,13591.50969
4646.579944,600,13627.532132
-3338.468738,600,13652.917594
5517.743564,600,13678.305235
1675.961698,600,13714.295321
5673.937695,600,13757.609874
-832.899141,600,13782.989467
4802.703342,600,13808.337215
7198.330483,600,13844.31135
2542.937584,600,13869.753913
880.594106,600,13913.104292
3488.816351,600,13949.066274
9796.496843,600,13974.407716
3861.795114,600,13999.797111
5620.27432,600,14035.73257
-7842.922701,600,14079.004455
6990.550262,600,14104.434977
6058.787676,600,14129.768292
4485.882279,600,14165.75282
6844.325731,600,14191.08749
6501.846672,600,14234.447425
3630.387638,600,14270.433749
7358.008255,600,14295.809362
5563.765293,600,14321.230652
5688.706544,600,14346.627308
3994.038308,600,14400.530203
5525.435144,600,14425.913232
2189.790941,600,14451.280436
3968.440322,600,14487.206651
8203.210928,600,14512.559945
3076.016971,600,14538.010955
4994.295618,600,14591.980075
5434.973493,600,14617.346521
7375.753677,600,14642.769589
5428.50593,600,14668.153741
2858.034916,600,14704.128259
7090.514913,600,14747.421209
4840.821798,600,14772.804463
5474.260916,600,14808.745363
4296.996028,600,14834.076442
6111.34751,600,14859.442031
6640.270265,600,14902.737373
7003.233578,600,14938.657233
3580.827843,600,14964.001066
5473.13187,600,14989.341053
4875.575049,600,15025.290882
8645.20989,600,15068.580813
4627.252321,600,15093.954643
5992.770806,600,15119.282628
4750.820365,600,15155.240045
5271.296519,600,15180.577578
3740.928594,600,15223.923649
4767.901495,600,15259.878662
5387.275032,600,15285.30848
3909.926585,600,15310.690582
1905.804163,600,15346.675841
9035.494514,600,15372.018634
5871.518072,600,15415.257066
6271.103586,600,15440.622689
4104.272845,600,15476.6017
6606.423751,600,15501.973109
8089.760037,600,15527.34078
5029.869181,600,15581.263035
4737.874138,600,15606.668209
6727.81857,600,15632.017524
6863.000095,600,15657.406921
5360.901383,600,15693.40406
6197.382184,600,15736.70323
7272.774891,600,15762.132226
3128.685062,600,15798.096977
1095.793734,600,15823.476701
6534.960279,600,15848.864325
3054.106923,600,15902.863546
4079.070734,600,15928.220097
7193.157682,600,15953.59374
6186.83036,600,15978.998122
4924.641628,600,16014.977277
6085.879871,600,16040.310764
6342.03509,600,16083.612712
6544.654623,600,16119.625487
3126.271232,600,16144.958225
6291.727687,600,16170.280049
9179.390986,600,16195.681003
7266.059067,600,16249.585177
6307.278882,600,16274.927777
8258.50372,600,16300.283101
4003.209432,600,16336.248769
4841.463955,600,16361.616456
4716.924957,600,16404.900848
7479.868367,600,16430.335087
8096.635497,600,16466.300815
5280.198679,600,16491.702374
1931.947378,600,16517.048854
5967.101958,600,16570.994671
5581.127506,600,16596.336963
6341.861181,600,16621.695204
2211.463892,600,16657.702116
8002.596425,600,16683.045544
5907.657081,600,16726.324044
5832.510277,600,16751.726767
8147.403601,600,16787.701292
6436.800497,600,16813.054608
6692.503174,600,16838.405188
4495.765758,600,16874.508113
9905.131026,600,16917.782659
7721.192887,600,16943.11209
7800.085349,600,16968.449976
8338.431374,600,17004.474825
4864.563687,600,17029.834089
5400.899648,600,17073.131166
7269.252637,600,17109.210847
5355.330141,600,17134.577012
5873.066997,600,17159.911978
5626.919253,600,17195.968138
7272.098995,600,17239.25557
7524.621408,600,17264.617968
7718.975844,600,17290.030054
8426.609054,600,17326.060822
4833.141923,600,17351.423461
5242.397801,600,17394.691563
6095.416825,600,17430.704731
4041.532393,600,17456.078745
8440.171249,600,17481.444259
7040.978041,600,17506.794979
3732.475615,600,17560.74186
6261.248489,600,17586.065908
6609.167444,600,17611.377039
4426.361458,600,17647.35922
3706.401507,600,17672.694685
5989.344941,600,17698.048046
6153.078999,600,17751.980639
3972.1301,600,17777.330367
5279.95108,600,17802.677896
3985.15592,600,17828.015347
10350.208534,600,17864.028047
7834.786232,600,17907.340504
6798.15879,600,17932.688619
6151.217931,600,17968.68918
8057.200025,600,17994.057791
6217.67769,600,18019.413377
5676.458726,600,18062.689496
6573.766403,600,18098.678958
5239.183627,600,18124.066455
6497.587035,600,18149.423074
5345.270751,600,18185.486239
6844.159104,600,18228.81411
5080.395413,600,18254.242922
5212.515236,600,18279.616742
3984.362415,600,18315.635179
5805.23219,600,18341.042042
4259.593207,600,18384.303962
9027.378741,600,18420.330157
6272.984783,600,18445.757756
5228.196837,600,18471.153366
7050.262543,600,18507.163653
5434.724363,600,18532.557953
4997.731207,600,18575.869714
7527.9509,600,18601.195664
5958.156214,600,18637.215921
7358.559066,600,18662.625821
9034.205669,600,18688.016953
6240.963142,600,18741.976349
7063.678375,600,18767.361939
4020.206972,600,18792.743435
4897.419094,600,18818.069601
6622.178308,600,18854.047785
5568.887638,600,18897.397347
6823.437977,600,18922.729254
7464.026428,600,18958.71007
5689.138175,600,18984.099334
5292.815752,600,19009.532747
4429.184718,600,19063.452299
7988.25852,600,19088.809704
7416.259323,600,19114.215757
-511.374363,600,19139.592307
4881.186282,600,19175.586111
-14693.204245,600,19218.888642
4881.637131,600,19244.230083
4184.16322,600,19280.181053
8059.38208,600,19305.599043
7296.182422,600,19330.962095
6720.832362,600,19356.288295
7124.96177,600,19410.215201
5295.373174,600,19435.595038
5115.802638,600,19460.959721
5868.585579,600,19496.95774
6072.096947,600,19522.309498
7076.293616,600,19565.596406
5211.978425,600,19601.584346
5567.207039,600,19626.944885
4911.584928,600,19652.318231
3199.864478,600,19677.680572
4584.203181,600,19731.702976
4334.736049,600,19757.097028
5383.580269,600,19782.483822
6432.83642,600,19818.440897
7432.988298,600,19843.810885
6832.315364,600,19887.112782
5156.258926,600,19912.416541
4949.429221,600,19948.440984
6471.99967,600,19973.859596
-422.991348,600,19999.223334
8412.652627,600,20035.203471
6016.291798,600,20078.55491
8858.337827,600,20103.922242
3982.665724,600,20129.257879
7871.895033,600,20165.216447
4815.037892,600,20190.628675
3421.779036,600,20233.913957
4712.865417,600,20269.914156
5015.524379,600,20295.296988
6034.240096,600,20320.642699
6638.532481,600,20356.612202
7646.59401,600,20399.942572
4795.508564,600,20425.289324
7523.834029,600,20450.66133
4196.761271,600,20486.607281
6901.941395,600,20512.021134
5754.044173,600,20555.348884
6008.908869,600,20591.323762
4073.838239,600,20616.696651
5246.661569,600,20642.067255
6637.170554,600,20667.424733
8445.037144,600,20721.308332
7806.917098,600,20746.722247
7937.822514,600,20772.097071
8208.588519,600,20808.088781
4959.406342,600,20833.453079
6832.812148,600,20858.876729
5741.517893,600,20912.783683
6294.268321,600,20938.176186
7056.849137,600,20963.579954
5325.79738,600,20988.94988
7460.605837,600,21024.955175
9054.519026,600,21068.307389
4075.141262,600,21093.6786
3992.367535,600,21129.712097
4874.441088,600,21155.067487
7568.840504,600,21180.509838
7866.399878,600,21223.749097
8350.770205,600,21259.740519
6047.844926,600,21285.059916
8758.009949,600,21310.404324
6045.467314,600,21346.44702
5324.038294,600,21389.780488
4519.423663,600,21415.112638
6004.280467,600,21440.48889
7746.112236,600,21476.495019
7985.229383,600,21501.817426
5027.302346,600,21545.104166
6964.468563,600,21581.07402
6393.803479,600,21606.444587
8220.150015,600,21631.817717
4252.542426,600,21667.813993
6491.724009,600,21693.182048
7985.378401,600,21736.538701
7044.696133,600,21761.932072
5846.142861,600,21797.926105
6647.281692,600,21823.314673
5888.089546,600,21848.728692
6212.315299,600,21902.693349
5125.273372,600,21928.120986
7174.033679,600,21953.487341
7062.583695,600,21978.876867
7015.897533,600,22014.916351
6922.672672,600,22058.220572
4746.065918,600,22083.555325
5797.709829,600,22119.551148
4439.416531,600,22144.872507
6173.35006,600,22170.254976
5350.897056,600,22224.160566
5315.254448,600,22249.490928
5908.504063,600,22274.841876
7393.235813,600,22300.188486
3911.895518,600,22336.1759
4945.919504,600,22379.459303
4942.603049,600,22404.912768
5045.105625,600,22440.944697
8987.449451,600,22466.365108
6591.565943,600,22491.805544
6404.910724,600,22517.261151
6162.455541,600,22571.155919
1238.854159,600,22596.52234
8176.27522,600,22621.901475
7027.731314,600,22657.907017
4618.041668,600,22683.257596
6835.337115,600,22726.571888
7141.167938,600,22762.535642
4761.486905,600,22787.88177
6250.543244,600,22813.209307
6163.782075,600,22838.546909
7741.271081,600,22892.401049
6410.598963,600,22917.786806
4934.664339,600,22943.137029
5622.706776,600,22979.132994
7822.613344,600,23004.550131
6097.153139,600,23047.863772
5052.581132,600,23073.258717
8622.102629,600,23109.248504
4294.159767,600,23134.62634
6599.912727,600,23160.02043
6790.288513,600,23213.909097
5331.89215,600,23239.207606
6472.126039,600,23264.469218
5895.918775,600,23289.789916
6693.985001,600,23325.763958
7648.449027,600,23351.07448
6880.798921,600,23394.331317
4663.678664,600,23430.343262
3538.92856,600,23455.677143
4780.480037,600,23480.998928
8601.178017,600,23516.947652
9050.075141,600,23560.170379
4857.68518,600,23585.522806
5113.751227,600,23610.860126
9203.511078,600,23646.80423
5480.045682,600,23672.133279
4391.718516,600,23715.35137
7689.646123,600,23751.292985
4756.057058,600,23776.608613
5426.828985,600,23801.892835
-1238.619951,600,23827.198004
4265.216432,600,23881.042574
5022.838744,600,23906.368606
6363.293587,600,23931.697702
6343.269754,600,23967.615383
8263.151069,600,23992.966143
4302.193152,600,24018.280699
7653.121117,600,24072.191692
6296.283206,600,24097.545754
6732.345961,600,24122.895825
5244.780855,600,24148.252462
2819.305144,600,24184.195813
6512.223812,600,24227.478149
6787.700277,600,24252.787612
4614.676703,600,24288.729921
-6990.170397,600,24314.03526
6885.543523,600,24339.333822
6582.401613,600,24382.600903
7013.009121,600,24418.538248
7148.610206,600,24443.863074
7069.114257,600,24469.217243
5890.607164,600,24505.163875
5557.019026,600,24548.402699
4176.606795,600,24573.756199
7437.577752,600,24599.097445
4497.543785,600,24635.007665
7501.757859,600,24660.341974
8803.565217,600,24703.595786
2089.630956,600,24739.56445
4308.650929,600,24764.9359
1305.44087,600,24790.285118
7254.156644,600,24826.256765
5576.214699,600,24851.585046
5926.274882,600,24894.775899
5563.310285,600,24920.085262
6859.373166,600,24955.999742
8545.463034,600,24981.290285
5709.646864,600,25006.594587
6588.789113,600,25060.430405
5696.612492,600,25085.808116
8880.482381,600,25111.121573
6183.888738,600,25136.432671
5746.951264,600,25172.38288
7592.524677,600,25215.664304
4644.265265,600,25241.017024
3597.810269,600,25276.987859
4662.037598,600,25302.315408
7358.782684,600,25327.666711
5859.174629,600,25381.57064
7540.584088,600,25406.94287
5615.833088,600,25432.299922
6185.607529,600,25457.671433
6177.515917,600,25493.598035
3690.76897,600,25536.826285
4724.350321,600,25562.210088
5248.889743,600,25598.196785
7856.178546,600,25623.527176
7360.41396,600,25648.85787
4491.972661,600,25674.222972
5015.731966,600,25728.088566
5310.147937,600,25753.414416
8307.380337,600,25778.801164
7587.998237,600,25814.752092
5933.122276,600,25840.045265
6874.394129,600,25883.268856
3877.358286,600,25919.230034
5440.517691,600,25944.55267
5269.813506,600,25969.844455
6985.564038,600,25995.198799
4068.492667,600,26049.078093
7336.173946,600,26074.400858
4075.954441,600,26099.766113
2424.390417,600,26135.765786
7536.042601,600,26161.096261
4932.56879,600,26204.33788
5367.618168,600,26229.730341
7805.067501,600,26265.68845
6691.363516,600,26291.023754
6292.572203,600,26316.3819
5328.105427,600,26370.281834
4837.662599,600,26395.637868
8222.008707,600,26421.015303
6649.295461,600,26446.384846
5625.229253,600,26482.363638
6252.856433,600,26507.708528
4550.240299,600,26551.01345
6116.483434,600,26586.975583
6914.451808,600,26612.313816
5048.997879,600,26637.627478
6531.385133,600,26673.624373
6892.049125,600,26716.833297
6061.333405,600,26742.11007
6861.852612,600,26767.426857
6418.063906,600,26803.360074
7349.366676,600,26828.680664
8921.732004,600,26871.934782
7349.258443,600,26907.876688
5110.791276,600,26933.196013
8411.231784,600,26958.503351
6992.985788,600,26983.836222
4675.978863,600,27037.670883
6765.647969,600,27062.98806
4141.986903,600,27088.340676
10214.292604,600,27124.298975
7411.625766,600,27149.66187
4783.97572,600,27192.916554
6375.283756,600,27228.872297
2539.878397,600,27254.17667
3513.670125,600,27279.463274
8794.284796,600,27304.844191
5853.712092,600,27340.847688
3891.592479,600,27384.030783
4714.736179,600,27409.371599
6701.139078,600,27445.35492
6785.585669,600,27470.643964
9445.006165,600,27495.978017
4116.253575,600,27539.291053
2737.649229,600,27575.207441
7547.939417,600,27600.495771
6952.864606,600,27625.802913
7108.490112,600,27661.718225
7057.198573,600,27704.914147
7055.436265,600,27730.236788
7878.657405,600,27766.19074
6797.879994,600,27791.507139
4347.252151,600,27816.800312
8991.949939,600,27859.985342
6570.973417,600,27895.928505
1193.601908,600,27921.225362
5404.716546,600,27946.530874
7525.47071,600,27982.529282
5893.784279,600,28007.836374
6781.460856,600,28051.008693
-2141.210767,600,28076.363347
6255.302244,600,28112.299203
5499.92844,600,28137.623067
2770.441932,600,28162.929427
8489.369038,600,28216.753817
4712.113797,600,28242.027138
6345.272802,600,28267.300795
6224.621015,600,28292.598516
5913.348165,600,28328.530788
7057.963001,600,28371.68534
4989.876089,600,28397.023416
4202.596681,600,28432.927356
6751.341282,600,28458.241163
7338.735811,600,28483.523767
6201.931856,600,28537.373338
5401.235494,600,28562.674048
5571.112685,600,28587.991452
6353.090724,600,28613.297975
7425.090475,600,28649.259845
8200.805543,600,28692.49312
4099.645447,600,28717.834803
6949.157268,600,28753.796693
8608.181138,600,28779.106497
5106.689828,600,28804.40185
6945.637065,600,28829.684558
4874.635578,600,28883.508965
7945.706913,600,28908.800202
6408.362115,600,28934.097133
6096.760656,600,28970.02287
6813.188234,600,28995.336092
5662.232265,600,29038.51494
6927.840629,600,29074.504367
5003.123598,600,29099.815365
8597.52828,600,29125.106415
6322.525833,600,29150.414036
6497.996393,600,29204.277922
4895.944663,600,29229.586069
5971.932202,600,29254.90318
7188.071225,600,29290.883367
-6276.201329,600,29316.205743
8355.676419,600,29359.396115
7064.497701,600,29384.718627
6573.716663,600,29420.695231
7356.504022,600,29446.018165
6204.180613,600,29471.336926
6663.698753,600,29525.194309
4529.446542,600,29550.521668
4202.765445,600,29575.817151
6310.367764,600,29601.196092
6089.112936,600,29637.242435
6503.724879,600,29662.584462
6782.77576,600,29705.810541
6239.799331,600,29741.834178
6514.860727,600,29767.134982
6791.468421,600,29792.448085
7018.712455,600,29828.425136
5043.617716,600,29871.614599
9697.182235,600,29896.904761
2460.980355,600,29922.244963
9120.629721,600,29958.198962
4135.065882,600,29983.494181
6123.130393,600,30026.711287
6494.492981,600,30062.696326
7930.381389,600,30088.044219
3703.379325,600,30113.38104
4667.958322,600,30138.735049
2676.490811,600,30192.653112
5911.177608,600,30217.957421
5852.801779,600,30243.272439
9214.593439,600,30279.228339
9111.42635,600,30304.559507
4541.915499,600,30347.713556
8781.893625,600,30383.696387
1407.014898,600,30409.046884
7573.207233,600,30434.369844
4168.63116,600,30459.732463
5222.747129,600,30495.678326
5555.69247,600,30538.835038
-7076.81305,600,30564.121851
7271.444347,600,30600.066179
6444.186848,600,30625.394888
7608.356225,600,30650.67008
7055.789257,600,30693.909765
7425.849691,600,30729.850075
4266.381155,600,30755.185961
8359.605906,600,30780.552727
9069.504058,600,30816.500981
7375.316716,600,30859.709739
8054.581766,600,30884.986763
6645.604223,600,30920.948801
5875.765386,600,30946.264409
6736.691387,600,30971.546645
7142.08859,600,31014.785889
6255.974186,600,31050.756082
7296.880473,600,31076.107491
6955.614403,600,31101.467948
5676.12992,600,31137.432097
5633.627426,600,31180.648379
7975.188116,600,31205.976455
5715.571362,600,31231.322241
4534.198986,600,31267.295082
10761.22859,600,31292.622815
4424.001628,600,31317.892928
9784.063633,600,31371.780726
6557.830103,600,31397.091438
8164.159875,600,31423.092096
9801.363558,600,31448.434814
8320.845583,600,31484.444364
7394.422639,600,31527.682661
7782.407668,600,31552.997071
5652.001962,600,31588.938823
8189.003225,600,31614.264836
8633.058385,600,31639.535159
4657.830703,600,31693.471746
8397.208081,600,31718.787446
3591.219414,600,31744.099724
6158.034181,600,31769.452977
6273.738397,600,31805.488513
3823.516349,600,31848.728845
9113.965352,600,31874.025753
9959.836343,600,31910.019638
3974.569732,600,31935.330776
8128.077052,600,31960.621891
3812.295694,600,31985.940387
1221.924839,600,32039.899555
2078.712393,600,32065.230924
6112.621878,600,32090.559624
5127.907973,600,32126.569111
6305.313952,600,32151.903326
6284.785458,600,32195.160825
7169.645219,600,32231.222838
6257.781693,600,32256.502059
6815.977147,600,32281.865486
7833.801658,600,32307.172658
6593.61733,600,32361.124305
6248.98973,600,32386.471941
7410.60253,600,32411.799772
8539.714827,600,32447.812072
7851.099223,600,32473.163049
7659.786543,600,32516.395483
4960.23467,600,32541.741998
9545.79023,600,32577.748238
5640.851353,600,32603.050257
7345.53722,600,32628.360228
8290.788146,600,32682.257558
7067.967148,600,32707.548254
7306.2108,600,32732.864673
6474.433961,600,32758.184444
6558.938203,600,32794.207568
8046.649354,600,32819.53107
7443.866234,600,32862.759378
8463.534953,600,32898.806004
6294.13654,600,32924.132593
7630.633265,600,32949.484468
7571.194333,600,32985.48784
7907.983951,600,33028.731938
5243.190304,600,33054.027163
5290.991609,600,33079.364516
8221.746686,600,33115.360922
7128.575999,600,33140.684631
5434.942885,600,33183.893694
8494.637446,600,33219.873829
6958.302339,600,33245.182787
6602.978002,600,33271.346926
10160.286479,600,33296.705688
6826.968854,600,33350.778316
8377.221884,600,33376.242893
7509.776664,600,33401.719996
7937.898288,600,33437.926176
7943.529206,600,33463.371219
6841.467541,600,33506.758903
4032.752391,600,33542.947831
8085.427166,600,33568.400535
4940.413127,600,33593.858868
7191.485363,600,33619.315016
11237.861648,600,33655.473753
7601.293708,600,33699.071989
-11161.983311,600,33724.473015
2494.948708,600,33760.626386
7040.388953,600,33786.084935
7531.078008,600,33811.551774
1226.900035,600,33855.003175
8018.135447,600,33891.204005
7092.998632,600,33916.700874
3655.470551,600,33942.199283
8473.525023,600,33978.415158
6048.223329,600,34021.865155
6060.192289,600,34047.268042
-5837.231287,600,34083.449946
6450.690203,600,34108.946038
7152.124408,600,34134.413067
6478.332728,600,34177.852823
6470.000535,600,34214.07723
7731.619747,600,34239.555935
6488.62267,600,34265.000982
7375.943817,600,34301.164735
6697.986351,600,34344.654935
7982.573759,600,34370.064207
7233.896704,600,34395.491969
6339.391175,600,34431.627258
6422.259067,600,34457.046216
5634.725374,600,34482.46455
6501.235722,600,34536.661088
8016.330621,600,34562.132169
6824.478246,600,34587.604528
8968.934423,600,34613.071247
7374.501347,600,34649.210687
5220.421672,600,34692.682196
4111.323033,600,34718.141746
7425.766863,600,34754.39547
6334.284952,600,34779.841797
2983.51332,600,34805.258953
6636.290429,600,34859.475519
6918.996586,600,34884.967928
4196.646721,600,34910.425536
7266.51527,600,34935.938423
4874.268275,600,34972.097839
6393.831223,600,35015.594339
8784.587827,600,35040.960691
6640.328294,600,35077.09614
8516.297332,600,35102.535739
7000.899871,600,35128.032214
6857.081642,600,35171.469038
7210.587649,600,35207.676244
9430.681914,600,35233.115286
6300.618385,600,35258.578234
8686.555285,600,35294.715212
6360.466202,600,35320.158958
6095.359149,600,35363.603855
4729.835383,600,35399.748473
6512.843833,600,35425.183481
7009.401805,600,35450.647334
6776.688733,600,35476.087785
6606.168427,600,35530.228159
6126.090734,600,35555.71914
7383.448723,600,35581.215963
6616.873758,600,35617.362268
7537.734786,600,35642.861495
5777.397291,600,35686.308985
8600.51945,600,35711.791935
7391.312049,600,35747.934151
7371.014636,600,35773.36153
6948.137064,600,35798.785247
5097.296925,600,35852.919813
5882.109066,600,35878.353027
6783.386929,600,35903.838381
6164.420762,600,35939.941085
5141.484168,600,35965.358813
8543.867069,600,35990.786839
7034.648308,600,36034.178749
9569.663951,600,36070.324493
6866.469022,600,36095.730855
6422.785641,600,36121.099706
7246.403833,600,36157.213165
4104.234732,600,36200.670037
5383.987488,600,36226.142536
-1806.551365,600,36251.606435
7702.730835,600,36287.772282
7465.021622,600,36313.28506
8945.793229,600,36356.701914
7244.825817,600,36392.829005
8099.817759,600,36418.261306
7182.379417,600,36443.707845
6513.860191,600,36469.15316
8500.155255,600,36523.303446
7388.226114,600,36548.737758
5905.165446,600,36574.202279
6427.514847,600,36610.32938
5743.090068,600,36635.813244
6784.275602,600,36679.217871
9206.362272,600,36715.39833
5552.575472,600,36740.888063
5605.882807,600,36766.336472
8131.631896,600,36791.803298
-676.297446,600,36828.115521
6423.462876,600,36871.671131
6941.627547,600,36897.150007
5771.609561,600,36933.329882
7119.605192,600,36958.760342
5486.701164,600,36984.216413
6254.297118,600,37027.629459
7616.681751,600,37063.783405
6402.531347,600,37089.221974
6937.231587,600,37114.676408
5619.083174,600,37150.84582
8723.908873,600,37194.405417
630.365721,600,37220.684367
6462.90433,600,37256.994608
9886.727999,600,37282.454719
8129.289103,600,37307.957672
6423.141556,600,37351.483311
8084.565197,600,37387.797128
3579.164789,600,37413.276537
8705.712987,600,37438.807946
6998.448566,600,37475.04879
7116.024081,600,37518.671437
5905.171012,600,37544.143423
6306.924675,600,37569.701349
6592.6377,600,37605.984887
8541.303943,600,37631.526294
8713.214529,600,37657.017968
6190.469179,600,37711.321456
6535.562517,600,37736.785427
7691.204479,600,37762.266447
8717.925817,600,37787.746515
8867.706676,600,37824.068803
8037.075776,600,37867.672828
8766.316306,600,37893.241858
6950.891643,600,37929.466871
7657.964513,600,37954.923899
3907.294868,600,37980.422424
9389.714598,600,38034.675083
7804.353221,600,38060.195324
6100.291351,600,38085.72252
6645.597009,600,38111.273678
9617.131137,600,38147.63584
4502.59541,600,38191.249147
4049.753854,600,38216.799406
8409.722056,600,38253.141635
7002.025687,600,38278.72037
7980.030709,600,38304.257864
7855.012588,600,38347.738919
2041.741366,600,38383.92297
8627.194394,600,38409.363786
8757.225648,600,38434.838788
7516.222603,600,38471.12491
5732.398224,600,38496.637738
5347.913741,600,38540.209984
6381.464594,600,38576.493284
8535.121575,600,38601.963154
9417.632328,600,38627.372705
6069.432846,600,38652.840325
10393.319823,600,38707.145274
6253.979639,600,38732.600296
7073.386932,600,38758.138026
8966.356624,600,38794.498188
6102.895053,600,38820.075553
6138.329924,600,38863.727942
-792.313159,600,38889.245228
7142.175599,600,38925.543064
4987.203209,600,38950.973139
7273.159746,600,38976.465415
4766.768587,600,39030.975797
8247.888439,600,39056.472933
7312.794743,600,39081.991349
9212.178909,600,39118.225026
8007.339626,600,39143.762889
8330.263733,600,39187.342789
7970.51526,600,39212.883955
6098.520384,600,39249.173947
8719.208748,600,39274.641052
6631.347887,600,39300.184875
7469.461815,600,39336.550989
6701.827589,600,39380.135376
8648.894756,600,39405.6609
8932.908671,600,39431.252033
7766.353986,600,39467.547122
5620.261184,600,39493.101458
7687.866222,600,39536.782065
6957.221858,600,39573.055266
5566.832698,600,39598.607924
8907.046438,600,39624.074109
4726.113763,600,39649.523226
6395.610427,600,39703.646909
7320.915536,600,39729.134618
8627.874927,600,39754.678272
5211.300252,600,39791.001128
6519.570648,600,39816.601081
3968.175139,600,39860.492204
2983.647284,600,39896.958798
718.528053,600,39922.551782
7485.463291,600,39948.140045
6075.575845,600,39973.678981
7366.577617,600,40010.083066
3575.157977,600,40053.572875
4218.526196,600,40079.094882
7742.864056,600,40115.611353
5972.551972,600,40141.360375
5700.891805,600,40167.089998
7395.554437,600,40211.072928
5829.231318,600,40247.64151
5697.462717,600,40273.285893
6450.882067,600,40298.985552
5127.380133,600,40335.562932
7705.594544,600,40379.457909
7006.388853,600,40405.155043
6478.892925,600,40441.729697
7135.466867,600,40467.379329
8195.64059,600,40493.134234
7502.421778,600,40537.100119
6655.740712,600,40573.733984
8713.623915,600,40599.393862
8018.448759,600,40625.099967
6620.029269,600,40661.77132
4624.267512,600,40705.633096
-1378.199708,600,40731.270213
3363.511656,600,40756.973539
6711.255171,600,40793.564539
8065.394062,600,40819.285277
8387.36474,600,40844.94576
7946.443594,600,40899.723836
8153.281348,600,40925.384248
-48.117451,600,40951.02924
6797.132831,600,40976.633899
7718.573525,600,41013.238152
7420.609069,600,41056.961456
8056.721193,600,41082.633579
9636.727476,600,41119.197965
7624.925272,600,41144.868197
8245.946641,600,41170.539242
7863.584601,600,41225.321815
10266.625173,600,41250.93504
4880.264598,600,41276.58647
8522.688274,600,41302.236157
6000.42715,600,41338.733216
5758.971967,600,41382.471489
6888.396888,600,41408.06119
1314.486472,600,41444.631839
7569.71961,600,41470.280634
6812.048334,600,41496.001107
8023.528651,600,41539.781327
7412.934181,600,41576.242416
7146.391101,600,41601.842244
6960.827314,600,41627.492998
7727.482384,600,41664.002758
-2192.247491,600,41689.612643
5704.344568,600,41733.308982
7238.851724,600,41769.858434
6920.238773,600,41795.458242
6609.151462,600,41821.075867
7641.110371,600,41846.701288
9011.913071,600,41901.314323
9374.343106,600,41926.974972
8604.531638,600,41952.627982
5027.440833,600,41989.140899
5745.093325,600,42014.75396
8249.335401,600,42058.558746
4567.226297,600,42084.194564
10086.998161,600,42120.692341
9023.347166,600,42146.36165
8573.521485,600,42172.010684
6225.594404,600,42226.747331
9758.114739,600,42252.403778
9212.029266,600,42278.04477
7376.213679,600,42314.558598
8660.668682,600,42340.185219
4603.957832,600,42383.955648
5815.839854,600,42409.578386
8772.056193,600,42446.131912
8390.123891,600,42471.78473
8338.960234,600,42497.427449
3713.017512,600,42534.011083
5289.199334,600,42577.930838
9357.657189,600,42603.610268
5914.217213,600,42629.242955
6468.333262,600,42665.812504
7843.952076,600,42691.441259
8656.749121,600,42735.297368
4903.016416,600,42771.718101
5780.964705,600,42797.335263
6364.332285,600,42822.950474
6198.874735,600,42848.610021
6110.236125,600,42903.314931
5922.836066,600,42929.024147
6375.578005,600,42954.722833
5756.063597,600,42991.282892
5776.174983,600,43016.894915
7869.052839,600,43060.671436
-10965.345859,600,43097.202924
5482.116637,600,43122.898642
5873.949109,600,43148.598959
7252.768531,600,43174.243045
7683.715597,600,43228.921368
6741.998855,600,43254.582513
5556.199901,600,43280.237882
4507.904578,600,43316.821913
8517.637913,600,43342.494063
7062.963624,600,43368.131166
6461.53965,600,43412.09178
8813.957974,600,43448.769411
7951.325657,600,43474.437907
6959.929143,600,43500.109442
2082.073293,600,43536.79727
6618.314972,600,43580.79776
6205.279817,600,43606.455043
6989.444114,600,43643.079614
6544.020155,600,43668.721758
7402.804626,600,43694.379149
8133.033276,600,43738.230659
6941.436879,600,43774.844325
3119.525615,600,43800.473754
7567.25761,600,43826.097203
5900.247967,600,43862.596129
8885.977528,600,43906.473655
2026.957273,600,43932.140323
8853.127407,600,43957.785839
5425.497786,600,43994.2989
8504.056527,600,44019.914994
7398.39426,600,44045.560822
6889.217038,600,44100.240291
6426.75716,600,44125.87705
6333.704505,600,44151.501091
7326.186509,600,44188.032954
7499.947021,600,44213.640687
7937.720008,600,44257.41285
7039.545365,600,44283.016173
7535.345763,600,44319.452759
7237.156587,600,44345.09492
7199.343117,600,44370.71713
6059.601469,600,44425.345961
6812.456246,600,44450.931295
6709.60028,600,44476.553813
5985.531476,600,44502.192932
7466.78394,600,44538.661462
5027.937118,600,44582.417286
4733.947034,600,44607.999957
8637.425119,600,44644.490057
6167.536023,600,44670.160568
6419.297751,600,44695.756278
7094.399758,600,44739.563368
8826.222328,600,44776.06735
8831.342625,600,44801.662378
3094.451161,600,44827.274503
5303.322222,600,44863.801641
9046.713701,600,44889.421106
5313.643388,600,44933.300034
6402.725039,600,44969.734349
5813.716303,600,44995.292451
3437.800115,600,45020.865103
5331.244879,600,45046.474552
9166.95512,600,45101.248234
5953.588326,600,45126.874997
9820.69437,600,45152.508245
8384.432021,600,45188.983353
5639.478119,600,45214.610451
5463.847697,600,45258.401108
7155.447659,600,45284.012612
118.132958,600,45320.504746
9216.881032,600,45346.089607
7369.538901,600,45371.689085
7603.614421,600,45426.283055
5181.157765,600,45451.880929
6809.834228,600,45477.483991
7500.910259,600,45514.026129
8032.657778,600,45539.634672
6556.954689,600,45583.382807
9431.038332,600,45609.013173
8614.754202,600,45645.539165
8711.693171,600,45671.194058
7675.016881,600,45696.806817
5433.317418,600,45733.392592
8936.645889,600,45777.238963
8192.555721,600,45802.878653
7974.325224,600,45828.522218
7040.153066,600,45865.011428
6064.14419,600,45890.649799
7678.200658,600,45934.437821
7785.364592,600,45970.911722
5299.189594,600,45996.538183
8023.668708,600,46022.135629
5716.372373,600,46047.757542
9010.155584,600,46102.423083
9395.73272,600,46127.992591
4817.668334,600,46153.604048
7568.518014,600,46190.116587
2950.011594,600,46215.75117
7756.65562,600,46259.598736
6801.175555,600,46296.136203
7615.310304,600,46321.733294
6853.217397,600,46347.349175
5859.706208,600,46372.975105
6619.793254,600,46427.654469
8634.156542,600,46453.255526
7211.657611,600,46478.891385
6855.214643,600,46515.419433
7249.268026,600,46541.036079
7030.346674,600,46566.649229
8830.347103,600,46610.588975
7056.586889,600,46647.230906
8280.993314,600,46672.909882
9515.510061,600,46698.547131
10189.140824,600,46735.122017
7716.939493,600,46779.01252
7885.99427,600,46804.640182
4740.010893,600,46841.263989
7042.279744,600,46866.930532
6229.020241,600,46892.519528
8373.829464,600,46936.375083
5754.291611,600,46972.991802
7126.553378,600,46998.586383
6607.981509,600,47024.152239
9721.265283,600,47060.56576
6117.774022,600,47104.391833
8094.258394,600,47129.968833
5041.946236,600,47155.40882
7642.592639,600,47191.421986
9507.469596,600,47216.816757
9686.68555,600,47260.149605
8249.857519,600,47296.247726
8083.428392,600,47321.645505
7817.947606,600,47347.083372
6300.275893,600,47383.168147
8590.795408,600,47408.576842
7421.659269,600,47451.926382
9292.334665,600,47477.327675
8878.391959,600,47513.370229
9252.218973,600,47538.735607
6391.587374,600,47564.144855
7461.580143,600,47618.153773
5272.91309,600,47643.56242
5026.429437,600,47668.993165
5841.058401,600,47694.369093
6500.942753,600,47730.474945
5668.245159,600,47773.819805
7254.048455,600,47799.242096
7052.96404,600,47835.324469
7887.658714,600,47860.714807
7486.373118,600,47886.120584
5973.530338,600,47929.433251
6090.517773,600,47965.501073
7551.580862,600,47990.890195
7517.19577,600,48016.261646
6449.569854,600,48052.353862
6314.08444,600,48077.766696
5597.495256,600,48121.127851
8009.858703,600,48157.199306
5405.88971,600,48182.602419
8820.360642,600,48208.061379
6702.821942,600,48233.460895
8623.725026,600,48287.444097
8801.995458,600,48312.87516
-2079.810876,600,48338.291366
4383.435354,600,48374.38311
6906.754241,600,48399.761163
7065.427762,600,48443.173588
8025.857774,600,48468.545469
7212.137503,600,48504.632378
8694.185536,600,48530.044742
6825.724067,600,48555.426868
-34798.602926,600,48609.430514
6707.891131,600,48634.886819
7765.197358,600,48660.350918
6842.886824,600,48696.407521
9642.275544,600,48721.849083
3436.043359,600,48765.28356
5194.338821,600,48790.690953
7204.396026,600,48826.782063
7337.098984,600,48852.208133
6278.946436,600,48877.625163
8972.784323,600,48913.712612
7518.052334,600,48957.01667
6500.369829,600,48982.411871
6532.202987,600,49007.791938
7453.701434,600,49043.85188
7744.736118,600,49069.2593
1886.549985,600,49112.610906
5575.332213,600,49148.671086
10696.218462,600,49174.012226
7730.031814,600,49199.410647
6449.740073,600,49224.762066
8634.52767,600,49278.716861
6935.357897,600,49304.165949
7214.304066,600,49329.554042
7453.593013,600,49365.62502
8097.583832,600,49391.051142
7630.524503,600,49434.418893
8659.939317,600,49470.458426
6895.619686,600,49495.859965
4004.774711,600,49521.285724
7042.218152,600,49546.697801
6947.491241,600,49600.746746
6650.610451,600,49626.126627
5879.380025,600,49651.48249
7744.619894,600,49687.511297
7250.580536,600,49712.907942
6292.562851,600,49738.302076
8523.463262,600,49781.577051
7045.506111,600,49817.637889
6834.787285,600,49843.05491
6460.275193,600,49868.432221
7079.737753,600,49904.447996
4258.399712,600,49947.765696
6987.58602,600,49973.140658
6665.345989,600,50009.172935
6866.724117,600,50034.531731
7607.886196,600,50059.897438
5803.237187,600,50103.16099
6117.533741,600,50139.162215
7352.099214,600,50164.547963
5878.386445,600,50189.911947
5875.111763,600,50225.934602
9769.362474,600,50269.308278
7966.796496,600,50294.694969
8509.845233,600,50320.058704
8713.424093,600,50356.10191
5795.951346,600,50381.515777
5500.969783,600,50424.79717
8677.528082,600,50460.836255
9266.326584,600,50486.208107
8368.425187,600,50511.613483
7938.989843,600,50547.677336
1228.66881,600,50573.091152
7500.655226,600,50616.39908
8150.298306,600,50641.767231
6704.03624,600,50677.773498
6590.720232,600,50703.157736
8672.517972,600,50728.539819
6162.329034,600,50782.523429
7329.359851,600,50807.892426
8784.050216,600,50833.338124
-21645.30914,600,50858.721082
6198.384793,600,50894.738904
5939.23975,600,50938.149705
8776.368432,600,50963.550898
7186.446089,600,50999.583473
5071.513852,600,51024.980078
8242.862487,600,51050.375162
8213.077208,600,51093.628566
8087.657437,600,51129.640812
7922.206799,600,51155.017172
8742.076453,600,51180.383527
3514.132348,600,51216.406016
8612.715537,600,51259.72856
6683.704417,600,51285.121356
-3323.645916,600,51321.168064
6757.369905,600,51346.551289
6149.933174,600,51371.95229
6855.023662,600,51397.305091
5673.43152,600,51451.255164
8177.338892,600,51476.660019
8431.414335,600,51502.040539
5485.803746,600,51538.073076
9179.08299,600,51563.445349
6616.810018,600,51606.838886
6482.509157,600,51632.236979
7835.840433,600,51668.275305
9519.013303,600,51693.722746
5266.543292,600,51719.105493
4675.807138,600,51773.017353
8774.317875,600,51798.438277
6308.524966,600,51823.851724
6568.561477,600,51859.918181
9890.096946,600,51885.290726
9076.812877,600,51928.6995
9931.391031,600,51954.037743
6913.197074,600,51990.032192
9972.455203,600,52015.360772
6341.139097,600,52040.71144
6933.514453,600,52076.672017
5969.281706,600,52119.888772
9565.984291,600,52145.245068
8595.917635,600,52170.567271
9037.693777,600,52206.523318
10003.564546,600,52231.838878
7131.185933,600,52275.099311
10638.5122,600,52311.10919
5344.509542,600,52336.500941
7689.134352,600,52361.910907
6560.781827,600,52397.864367
9471.854457,600,52441.088278
6986.78415,600,52466.432248
7660.004677,600,52491.745593
7276.51822,600,52527.68383
7931.4433,600,52553.009132
3507.99294,600,52596.262912
8828.214661,600,52632.276331
6850.255317,600,52657.62165
9197.173156,600,52682.976156
8450.19021,600,52708.330524
5817.714968,600,52762.206314
5324.925445,600,52787.538686
-19206.204876,600,52812.884099
3927.521026,600,52848.830819
8586.506661,600,52874.153778
4628.219882,600,52899.487198
7797.814115,600,52942.737753
7635.418311,600,52978.746084
5574.967874,600,53004.113179
7387.76077,600,53029.44768
8401.712592,600,53065.450374
6170.74492,600,53108.691881
8445.6094,600,53134.056239
9489.635177,600,53170.042751
7497.667857,600,53195.376203
10472.761732,600,53220.737065
5863.093083,600,53263.978563
4116.573252,600,53299.899922
7940.004463,600,53325.242285
2026.563858,600,53350.556177
7900.790543,600,53386.507718
6656.484948,600,53429.768511
7199.807377,600,53455.119654
8985.863364,600,53480.431776
7401.414051,600,53516.449289
7526.117757,600,53541.833851
7049.606376,600,53585.112996
4826.24901,600,53621.097096
7285.778089,600,53646.411053
-14429.543238,600,53671.721878
9670.732525,600,53707.662139
8358.89378,600,53733.004098
6229.976679,600,53776.27974
6573.138633,600,53801.610251
7200.266152,600,53837.576558
8066.356962,600,53862.921607
3427.673411,600,53888.294074
7305.200988,600,53942.230994
8002.182968,600,53967.519422
5013.365802,600,53992.886775
6803.752048,600,54018.207065
8022.261698,600,54054.158629
5723.364237,600,54097.409085
5881.908848,600,54122.74393
8076.852129,600,54158.724575
7581.010452,600,54184.075024
6954.167246,600,54209.482796
7107.836757,600,54252.70751
9616.670144,600,54288.732033
7129.225423,600,54314.072307
4885.10533,600,54339.417427
6655.968735,600,54375.381822
6041.090796,600,54418.635511
5220.016194,600,54443.967276
6919.676783,600,54479.936289
5958.57273,600,54505.259144
5186.339845,600,54530.633003
8237.437668,600,54555.941849
6090.407288,600,54609.797697
5337.050962,600,54635.133736
7636.197609,600,54660.501305
7500.706455,600,54696.503378
7066.233736,600,54721.815731
8647.703918,600,54765.088789
7553.893592,600,54790.426912
6146.483903,600,54826.40183
5207.35549,600,54851.787848
8509.9302,600,54877.179919
6978.777759,600,54931.002833
7537.225059,600,54956.345538
7523.914447,600,54981.69679
6908.206145,600,55017.66941
6106.705488,600,55042.980931
8691.994426,600,55086.284111
6098.821437,600,55111.649701
7978.796589,600,55147.654643
8686.865201,600,55173.028654
9375.355901,600,55198.408473
7953.952481,600,55252.31746
6949.257278,600,55277.621646
7281.484531,600,55302.967766
8415.82404,600,55328.27413
7169.457174,600,55364.203159
6339.353764,600,55389.56071
9375.699458,600,55432.848834
8486.38597,600,55468.806774
8061.337472,600,55494.139202
7480.430519,600,55519.471436
5228.462275,600,55555.449701
6811.898285,600,55598.614585
7764.778099,600,55623.957267
8510.35671,600,55649.277109
7815.977732,600,55685.269234
7826.168711,600,55710.606197
8335.072433,600,55753.899945
4688.191886,600,55789.909626
2703.077863,600,55815.255655
9129.134226,600,55840.592975
7694.674028,600,55865.920288
5862.186167,600,55919.79157
7035.516985,600,55945.119717
10182.069645,600,55970.450191
8379.94489,600,56006.473695
6714.958379,600,56031.810904
6258.633815,600,56057.167965
8181.043921,600,56100.440664
6044.644938,600,56136.459977
5283.767473,600,56161.803333
7907.00977,600,56187.154764
8449.351398,600,56223.144004
6526.709719,600,56266.360571
-33586.765109,600,56291.707648
7759.192059,600,56327.68375
-9855.556227,600,56353.025796
7738.650469,600,56378.384247
5868.818643,600,56421.648791
6523.159456,600,56457.649014
6381.857612,600,56482.994271
6099.659403,600,56508.356413
5152.726768,600,56544.357253
7783.044972,600,56587.576933
6366.532692,600,56612.894002
4173.897263,600,56638.231376
7208.633623,600,56674.262952
7739.619951,600,56699.5893
6464.179051,600,56742.834776
7010.914729,600,56778.843342
9421.628288,600,56804.190893
6323.898922,600,56829.539622
5938.366846,600,56865.53474
8924.751962,600,56890.865022
7742.055699,600,56934.100363
7920.854146,600,56959.441223
9598.477853,600,56995.401243
8624.488622,600,57020.724857
6258.925562,600,57046.107544
6308.89123,600,57100.00905
6071.214246,600,57125.365706
6604.096502,600,57150.693219
6177.949484,600,57176.065012
7499.64168,600,57212.014831
3493.348849,600,57255.24489
8735.674341,600,57280.599284
8345.455069,600,57316.562807
4195.702431,600,57341.893161
6685.907478,600,57367.213104
6335.989069,600,57410.472689
8708.876004,600,57446.438421
5755.631842,600,57471.817108
4945.274104,600,57497.181132
3335.629392,600,57533.15714
7172.796932,600,57576.391287
6542.582401,600,57601.727505
8332.115424,600,57637.715184
6741.81436,600,57663.020476
6612.403299,600,57688.332434
5791.497858,600,57713.669763
7606.782816,600,57767.545338
7802.636321,600,57792.90111
6971.035411,600,57818.254722
8492.788586,600,57854.268084
6338.309052,600,57879.62091
8117.185335,600,57922.885662
7699.307367,600,57948.234897
7096.573196,600,57984.245064
7481.086329,600,58009.589263
9120.962574,600,58034.977467
6936.15911,600,58088.854815
6047.487363,600,58114.188309
7845.000666,600,58139.561025
9104.180647,600,58175.574122
5349.450271,600,58200.899931
6496.560844,600,58244.133286
3516.574521,600,58269.471724
7193.29325,600,58305.448606
6775.955167,600,58330.781586
8908.740845,600,58356.154687
9189.600698,600,58410.058097
6642.942482,600,58435.430713
6039.014734,600,58460.826314
6867.073173,600,58486.224648
7621.286488,600,58522.197201
8313.365597,600,58547.541183
8921.392226,600,58590.79044
6864.545359,600,58626.806373
8162.480883,600,58652.133545
4893.312814,600,58677.493501
6351.071579,600,58713.505964
7711.262456,600,58756.740912
8010.296756,600,58782.112707
7844.805454,600,58807.496444
4606.885899,600,58843.516939
-32631.036509,600,58868.828984
7558.254486,600,58912.056988
8024.723795,600,58948.019133
10081.817767,600,58973.363365
9186.258063,600,58998.696784
8263.079565,600,59024.087135
6687.394287,600,59077.953348
7956.285151,600,59103.305221
7004.982214,600,59128.672925
8339.321655,600,59164.707732
8765.475754,600,59190.052654
7767.396578,600,59233.285425
7011.854492,600,59258.635582
6569.788186,600,59294.606209
7760.394026,600,59319.951791
7540.8769,600,59345.307456
7659.000957,600,59381.298657
9002.080195,600,59424.554572
8391.756521,600,59449.967748
8005.717641,600,59486.003675
8005.574958,600,59511.340016
8240.04874,600,59536.693721
4331.009017,600,59579.988369
8693.129858,600,59615.955623
9403.199982,600,59641.308358
7997.399006,600,59666.64737
6960.20574,600,59702.67011
7785.938041,600,59745.902161
4691.213547,600,59771.221095
6863.663791,600,59796.600796
6318.670125,600,59832.584291
9327.210388,600,59857.914656
9174.875686,600,59901.19236
9147.09419,600,59937.203738
7204.363793,600,59962.551097
8035.99704,600,59987.902865
8133.213298,600,60023.936124
7116.140269,600,60049.249904
7774.5577,600,60092.527432
6883.502102,600,60117.934889
5774.353535,600,60153.947137
6427.56388,600,60179.309243
8762.299388,600,60204.666751
7722.476121,600,60258.637805
5281.961502,600,60283.989264
5581.853761,600,60309.324967
6428.650795,600,60334.654107
5838.040002,600,60370.65877
8114.149962,600,60413.872941
9234.655732,600,60439.269846
7701.592729,600,60475.274927
680.91291,600,60500.605694
7468.073288,600,60525.932588
5190.198621,600,60579.837822
9070.579584,600,60605.180169
6058.383774,600,60630.532048
7013.108373,600,60655.902766
6358.808637,600,60691.929635
7566.819649,600,60735.162584
7904.088434,600,60760.519931
8920.852084,600,60796.558627
7008.931535,600,60821.901982
7025.814049,600,60847.220656
7681.554084,600,60872.603888
7601.914853,600,60926.52045
8691.742914,600,60951.85608
10454.700469,600,60977.181884
7717.35693,600,61013.247295
5668.000644,600,61038.590138
8964.674224,600,61081.810827
7960.63936,600,61107.211024
6966.545585,600,61143.212372
8652.598923,600,61168.529015
8712.894721,600,61193.849981
9136.654445,600,61247.784304
6704.290524,600,61273.126812
7535.861768,600,61298.466913
7244.166523,600,61334.514865
5972.376517,600,61359.89782
7596.833579,600,61403.110673
7452.203113,600,61428.484927
6992.473244,600,61464.523936
6964.033395,600,61489.833758
9557.477995,600,61515.147972
7802.688207,600,61569.123493
4401.714773,600,61594.454067
3339.934374,600,61619.782904
7796.333633,600,61645.101097
7211.934706,600,61681.169369
6629.939005,600,61706.517389
7438.395835,600,61749.731603
8221.675783,600,61785.816924
7467.760048,600,61811.15045
9939.481821,600,61836.48677
7648.146094,600,61872.542079
8042.280606,600,61915.765749
7064.32352,600,61941.103007
7868.277398,600,61966.456941
7626.58617,600,62002.511714
7000.397027,600,62027.849977
5358.239974,600,62071.049962
7572.591445,600,62107.116335
6607.835794,600,62132.461358
4573.241163,600,62157.795612
9251.355102,600,62183.099044
3154.324604,600,62237.051732
4962.564563,600,62262.357823
7373.556609,600,62287.672477
8837.922789,600,62323.675982
8194.246955,600,62348.999414
6703.960101,600,62392.232674
6184.598593,600,62417.626945
4136.396942,600,62453.694935
8051.263726,600,62479.068931
5449.971161,600,62504.424293
6751.071264,600,62540.501219
7610.066765,600,62583.695837
7780.107402,600,62609.004824
6590.868556,600,62644.984791
8673.844612,600,62670.338677
6466.76438,600,62695.651109
9005.714752,600,62738.869503
9511.77167,600,62774.957863
8317.452213,600,62800.295407
4521.222409,600,62825.624633
8971.152921,600,62861.62253
6543.253081,600,62904.870363
7662.920199,600,62930.289999
7937.43138,600,62955.680287
7764.484276,600,62992.064025
6489.695134,600,63017.53111
6186.506787,600,63060.961476
7707.026587,600,63097.273778
6627.703355,600,63122.732948
7873.381752,600,63148.170175
5512.011808,600,63184.360708
9768.256399,600,63227.842994
7178.134196,600,63253.348831
9312.114413,600,63278.906713
7740.246852,600,63315.133112
5338.494434,600,63340.613259
8908.017473,600,63366.063432
10887.852971,600,63420.201092
8494.44045,600,63445.538902
7047.750949,600,63470.872641
6619.106786,600,63496.196427
7198.174177,600,63532.233898
8268.258582,600,63575.504054
6241.958216,600,63600.881924
8374.256361,600,63636.977336
5649.307645,600,63662.41458
7122.081176,600,63687.80506
8754.19202,600,63741.830842
7318.599025,600,63767.23243
8307.995911,600,63792.594149
7376.676899,600,63817.946301
8029.371132,600,63853.979726
7198.439641,600,63897.261112
6380.507099,600,63922.639405
7402.722874,600,63958.687157
8031.271838,600,63984.091796
6368.816381,600,64009.445932
8932.229085,600,64034.812233
7641.161615,600,64089.35639
7973.811189,600,64114.700121
9619.280421,600,64140.071475
7499.021129,600,64176.119767
7050.358394,600,64201.517905
8153.846783,600,64244.793661
6908.972828,600,64270.154219
7582.31428,600,64306.260871
8866.116823,600,64331.619525
8657.615257,600,64356.959731
7691.844791,600,64410.882647
7998.555489,600,64436.22299
7950.939335,600,64461.563713
7728.125182,600,64497.600766
9044.002483,600,64522.987242
8654.378119,600,64566.286272
6739.45496,600,64591.676244
7052.052152,600,64627.742165
7754.990438,600,64653.138008
7353.286791,600,64678.51089
8089.365949,600,64732.506375
9745.998528,600,64757.87736
7407.34867,600,64783.266293
8871.895732,600,64808.649761
6317.10914,600,64844.736456
7350.585517,600,64870.125113
9608.630717,600,64913.402364
5433.881706,600,64949.460173
-19177.608815,600,64974.816086
9919.948201,600,65000.180013
7015.106857,600,65036.183786
6292.520648,600,65079.455604
5942.94648,600,65104.784749
7424.434508,600,65130.135181
8211.343806,600,65166.167641
6655.416249,600,65191.562018
5880.663824,600,65234.807456
7930.07695,600,65270.822101
6748.197434,600,65296.184007
8832.207721,600,65321.550106
7899.431214,600,65346.964455
6932.541559,600,65401.026201
9300.442279,600,65426.364894
10761.619446,600,65451.751118
6903.160829,600,65487.769559
-10067.285505,600,65513.172326
8784.720068,600,65556.444346
8096.686328,600,65581.825964
5995.608527,600,65617.893016
7839.448982,600,65643.261887
9130.901751,600,65668.627041
6744.345853,600,65704.693321
9592.013089,600,65748.085906
5618.808673,600,65773.502237
9073.724479,600,65809.630705
6225.226992,600,65835.092365
7044.277952,600,65860.512497
6914.185645,600,65903.907292
6693.373415,600,65939.991452
6718.830348,600,65965.378093
5944.805797,600,65990.756144
7543.985727,600,66026.775152
6707.238139,600,66070.085806
6959.609166,600,66095.459615
-9778.955204,600,66120.864211
8134.024816,600,66156.980448
5965.703246,600,66182.395055
7649.38208,600,66225.73078
8951.685151,600,66261.812681
6497.169987,600,66287.212107
7987.487071,600,66312.633571
8486.071022,600,66348.715718
8178.593303,600,66392.027506
8921.431042,600,66417.403786
7921.849273,600,66442.814589
3660.503115,600,66478.936845
7041.668412,600,66504.355353
7643.745468,600,66529.784297
7525.090774,600,66583.735235
6179.183904,600,66609.168828
6447.661446,600,66634.632319
8017.322004,600,66660.028784
9002.683834,600,66696.100351
5933.527843,600,66739.404181
8503.579276,600,66764.924014
