#{"t_start": 1656866570.07477, "env_id": "uav-v0"}
r,l,t
-3104.993059,600,30.303163
1724.229982,600,54.25538
646.1007,600,78.457341
-3202.900221,600,111.151694
-2011.810177,600,135.987593
-2576.505337,600,176.912851
2017.095582,600,206.64986
423.357704,600,228.134222
1101.22634,600,250.111872
-4733.487235,600,271.709359
1029.688141,600,316.423602
1211.860657,600,338.133461
2222.623294,600,360.114952
-526.703757,600,389.465666
2505.085376,600,411.89031
795.9763,600,448.147964
-922.956857,600,470.203008
-1183.0308,600,499.312314
2911.680882,600,520.912404
2723.146659,600,542.740361
3952.580788,600,590.743089
2073.38506,600,614.033363
1500.050122,600,638.060045
3471.811068,600,668.572397
624.856059,600,690.964242
2363.186686,600,714.956099
2479.949871,600,753.207615
3980.381411,600,782.450465
4065.387735,600,804.782429
3278.111993,600,827.472834
4207.862647,600,858.018614
3444.660039,600,895.517788
4614.574351,600,918.456851
3787.288968,600,942.642481
3474.026476,600,974.288895
2561.06607,600,997.781775
3600.644968,600,1038.169469
2413.688908,600,1070.530285
4102.958322,600,1094.025907
3297.963433,600,1117.708625
4781.982365,600,1147.954565
4088.773965,600,1189.620615
3682.385315,600,1212.669444
4319.164887,600,1236.902652
3461.773536,600,1268.913991
3770.925367,600,1292.801496
3252.271403,600,1330.282572
4319.98612,600,1360.163479
4062.575758,600,1381.402913
3206.150225,600,1403.041685
4223.415811,600,1424.804563
3541.768899,600,1453.720229
2733.039069,600,1490.877406
3617.055183,600,1512.015666
4659.375777,600,1541.280838
4674.510239,600,1563.626109
4802.653606,600,1585.993377
4653.128224,600,1625.408328
3992.495118,600,1657.441672
4274.945131,600,1680.114549
6523.943633,600,1702.498021
3188.009933,600,1735.31652
5126.426385,600,1772.49967
5694.351142,600,1793.867985
4747.699136,600,1822.064006
4427.092783,600,1845.383091
3317.462981,600,1867.024033
2944.598361,600,1903.705309
3358.543729,600,1931.330096
4106.866445,600,1952.396002
4108.079252,600,1973.138461
4902.524556,600,2000.73823
3339.819302,600,2036.227746
3434.272626,600,2056.637649
5058.915639,600,2077.355791
5805.286453,600,2104.643475
5529.120676,600,2125.221292
4586.088389,600,2145.824328
5839.555405,600,2187.132397
5812.843974,600,2207.692491
4379.133575,600,2228.60683
4719.363229,600,2256.36501
6170.318342,600,2276.986348
4186.924951,600,2311.549263
5117.436567,600,2332.005315
5864.767472,600,2359.267663
3776.209236,600,2379.706176
4664.826922,600,2400.113963
5446.702641,600,2441.644394
6085.220086,600,2461.86357
5385.566227,600,2482.147687
3608.358932,600,2502.468026
4852.880537,600,2529.756415
5166.132651,600,2564.450384
3810.373908,600,2584.783655
5806.319524,600,2613.450892
7735.423077,600,2634.112764
5065.392421,600,2654.428334
3347.678736,600,2696.031875
6534.226113,600,2716.224808
4525.90127,600,2736.773502
6895.735781,600,2756.953495
3789.820903,600,2784.448684
5271.788818,600,2805.125362
5667.440798,600,2840.057174
2799.803888,600,2868.20577
3941.919518,600,2888.636494
5668.25852,600,2908.970699
5608.444838,600,2929.598911
7845.747795,600,2971.45044
5967.749603,600,2991.823768
4974.419579,600,3012.20027
5088.293369,600,3039.631942
5881.55506,600,3059.976542
3440.796193,600,3094.508436
3739.060968,600,3114.827213
4405.971855,600,3142.153418
8331.608975,600,3162.60664
4068.597916,600,3182.97352
6003.209232,600,3224.407148
5101.838016,600,3244.741653
5810.949759,600,3265.165532
6043.881545,600,3292.724043
3299.972491,600,3313.094809
3927.012677,600,3333.636974
6514.92055,600,3367.944307
4651.852497,600,3395.00076
4998.144272,600,3415.526949
3861.392596,600,3436.089252
5657.632928,600,3463.05873
3654.051939,600,3497.664062
5258.869606,600,3518.936543
5375.809679,600,3539.207518
4595.100952,600,3566.245597
5446.574389,600,3586.520469
6111.461407,600,3620.768877
6943.462136,600,3647.794539
4376.265672,600,3668.127697
4054.264985,600,3688.386172
4595.197973,600,3715.759601
5988.658845,600,3749.967459
5141.782435,600,3770.231529
5955.333461,600,3790.411621
5862.416529,600,3817.499249
6026.42807,600,3838.269219
7055.678866,600,3873.035033
4913.83865,600,3900.169665
4791.91232,600,3920.466215
5181.188338,600,3941.183707
3976.692529,600,3961.520807
6492.055781,600,3988.68059
5664.56374,600,4023.481991
4507.203975,600,4043.827891
6429.210014,600,4071.061875
5258.865107,600,4091.493915
5989.329566,600,4112.202459
5342.324407,600,4146.441767
4829.971558,600,4173.476867
5057.518746,600,4193.766813
5445.750446,600,4213.92022
6015.00851,600,4241.338264
6753.727601,600,4275.740372
4720.120718,600,4296.377469
4516.668656,600,4323.443223
5742.688652,600,4343.725787
4206.120594,600,4364.238325
6958.098332,600,4398.699629
5108.05628,600,4426.237345
5156.746489,600,4446.546925
4754.833081,600,4466.864285
5973.628189,600,4494.285541
4794.756667,600,4528.849935
5451.929429,600,4549.396143
6494.058311,600,4569.660465
4200.952664,600,4596.727648
7677.184213,600,4617.191784
4768.642218,600,4637.55165
4675.634336,600,4678.661412
6526.703117,600,4698.90397
7043.686372,600,4719.129181
6500.89907,600,4746.170494
7336.238891,600,4766.284793
5981.199358,600,4800.306093
6551.385972,600,4820.959843
5933.486437,600,4848.30497
6695.379772,600,4868.590961
4618.472769,600,4888.807284
6607.876819,600,4930.097502
6892.672066,600,4950.201695
6989.752625,600,4970.202996
6504.708914,600,4990.399469
2710.619959,600,5017.447853
7781.764214,600,5051.752093
6369.91462,600,5072.153011
8293.916053,600,5099.493752
4884.601369,600,5119.800097
6239.191832,600,5140.232263
5432.309867,600,5181.559722
3308.534863,600,5202.032559
7063.608016,600,5222.50312
8678.94208,600,5242.854969
5700.915169,600,5270.543617
4175.835642,600,5290.837679
5273.948724,600,5325.267488
3465.753896,600,5352.282475
4755.407976,600,5372.48574
2955.779489,600,5392.566584
7015.819104,600,5412.868524
7044.522009,600,5455.974152
6195.44206,600,5476.157786
7202.078523,600,5496.506591
4281.041953,600,5523.673874
5136.33353,600,5543.860772
7110.06236,600,5578.179214
5718.353371,600,5598.289218
4946.614641,600,5625.48373
7690.344192,600,5645.579986
5638.909807,600,5665.916804
5618.75096,600,5707.101483
5927.232421,600,5727.140369
6422.830795,600,5747.347489
5600.207866,600,5774.158079
5944.017812,600,5794.125672
6276.041005,600,5828.266253
4979.516367,600,5848.077512
4142.084673,600,5874.862242
6023.901157,600,5894.849791
5678.604844,600,5915.072632
5692.80553,600,5941.716809
5235.838582,600,5975.711552
4396.022079,600,5995.727912
4436.837167,600,6015.730633
5531.317677,600,6042.622468
5776.824231,600,6062.583215
4827.616792,600,6096.77161
4236.376992,600,6123.500628
6382.388298,600,6143.428182
6111.359694,600,6163.649284
5817.955106,600,6190.427147
4699.758905,600,6224.396552
2807.063366,600,6244.879308
3956.334849,600,6264.920618
4322.724519,600,6291.897281
4799.072811,600,6311.846926
4174.817021,600,6346.165668
8317.510335,600,6372.880201
4607.963016,600,6393.036904
4332.774067,600,6413.496733
-8479.735609,600,6433.563618
4899.039794,600,6460.515071
3954.562589,600,6494.468149
5889.894852,600,6514.540671
7864.667008,600,6541.923152
5184.895074,600,6562.024554
7641.469242,600,6582.335874
7071.467534,600,6616.137924
5334.220537,600,6643.051391
5692.480484,600,6663.08645
6220.906131,600,6683.184088
4686.603546,600,6709.912164
4452.209443,600,6743.771311
3469.929095,600,6763.938642
5068.440855,600,6790.658914
4138.499146,600,6810.890012
8207.641064,600,6831.073357
6186.756394,600,6864.685558
4087.019564,600,6891.671266
5916.385746,600,6911.597853
5130.724891,600,6931.685491
6592.670471,600,6958.105601
5061.83624,600,6991.668723
7221.353172,600,7011.363773
8466.528186,600,7031.314802
5276.568129,600,7058.374096
5767.536874,600,7078.183843
4482.02355,600,7098.138
5021.281583,600,7138.750228
4971.748554,600,7158.622053
6419.217213,600,7178.549743
10156.41827,600,7205.206127
6494.775385,600,7225.690983
4246.561013,600,7259.817021
5413.326824,600,7279.805606
5908.155738,600,7306.827674
5007.634827,600,7326.646278
7139.463725,600,7346.349532
6692.974463,600,7387.290922
6589.133132,600,7407.049947
5818.153482,600,7427.112922
5507.004251,600,7447.021363
5678.969999,600,7474.230013
6613.372037,600,7507.752295
5268.471657,600,7527.615505
7649.225258,600,7554.546502
8346.803461,600,7574.527077
5197.656887,600,7594.356184
6338.881418,600,7635.25169
5494.566791,600,7655.223766
2825.089815,600,7675.173006
4325.314034,600,7695.115273
6696.397916,600,7722.094613
4306.160282,600,7742.122251
5690.011191,600,7775.989245
7502.992212,600,7802.82865
3567.089017,600,7822.631913
6463.924841,600,7842.505389
5871.002107,600,7862.313906
4875.330775,600,7903.072089
5070.539563,600,7922.796033
7897.10057,600,7942.713902
6758.976313,600,7969.21261
5674.862818,600,7988.963597
4953.299597,600,8022.189609
4447.540807,600,8041.976135
6458.676232,600,8068.683616
6313.021166,600,8088.288026
7946.758584,600,8107.909614
-241.836467,600,8149.725024
7069.970538,600,8170.213519
6155.217569,600,8191.02753
3317.624424,600,8218.603838
4776.765999,600,8238.410615
5531.30241,600,8272.140486
6795.26136,600,8291.872926
7346.75735,600,8318.602761
5870.390416,600,8338.096375
4080.883777,600,8358.086538
7387.396937,600,8384.750193
5250.243011,600,8418.316491
5003.741989,600,8438.385029
6609.884577,600,8458.044191
4526.106567,600,8484.590465
4301.478188,600,8504.384002
4144.105301,600,8538.228865
7674.34761,600,8564.838642
7859.752903,600,8584.541963
6083.931288,600,8604.594208
6782.093417,600,8631.309007
8022.701808,600,8664.917051
5995.485184,600,8685.21965
7423.549279,600,8705.153541
3848.981543,600,8732.042715
6161.398865,600,8751.792212
6481.694682,600,8785.284774
7346.871033,600,8811.84103
5166.665159,600,8831.703011
4142.586963,600,8851.836373
3603.508127,600,8871.71111
5722.708349,600,8911.88793
2999.519172,600,8932.089691
7784.957647,600,8951.787307
5485.163288,600,8978.4075
4233.779654,600,8998.037183
4771.36202,600,9017.817752
3627.685836,600,9058.126451
4337.17026,600,9079.229456
6869.459417,600,9099.784205
4704.659209,600,9119.666888
4624.092881,600,9146.040356
5450.561573,600,9179.518727
4644.462752,600,9199.038889
5551.352999,600,9225.435299
4894.250444,600,9245.108732
3666.664988,600,9264.667788
3244.489227,600,9297.87028
7416.324404,600,9324.330766
5360.343336,600,9344.660956
6973.173271,600,9364.194337
4707.815073,600,9390.87524
6291.888834,600,9424.624519
4797.1837,600,9444.398078
5251.659057,600,9464.349572
3986.742712,600,9491.038427
8270.098585,600,9510.705139
4227.098581,600,9530.877892
4103.353503,600,9571.251672
8144.642245,600,9590.924382
5852.491426,600,9610.658222
6731.574902,600,9637.332688
5551.944944,600,9657.193756
4332.87469,600,9690.293434
8460.904429,600,9710.04669
5615.743837,600,9736.699911
6157.576485,600,9756.569922
4982.28482,600,9776.179987
7169.055576,600,9816.690676
4793.710083,600,9836.450541
3272.099977,600,9856.076308
4045.443339,600,9875.932072
7404.323935,600,9902.659664
6376.26098,600,9936.203637
8300.495699,600,9955.694699
4814.622774,600,9982.420653
4960.862624,600,10002.492241
4107.223483,600,10022.487393
4635.575402,600,10063.148199
5868.295475,600,10082.656316
7970.171218,600,10102.178771
4792.263142,600,10121.626143
6653.647036,600,10148.357627
5494.603091,600,10168.14638
6628.028742,600,10201.301442
5249.168367,600,10228.020194
3638.086753,600,10247.701164
6084.574838,600,10267.199278
6280.618387,600,10286.911604
3461.506946,600,10326.504521
9036.991525,600,10346.026455
5294.184093,600,10365.936694
6210.547572,600,10392.311558
3848.31071,600,10411.817832
5794.583006,600,10444.670088
4327.274558,600,10464.451038
6199.584561,600,10491.357217
7340.559144,600,10511.266008
7286.323725,600,10531.295839
6527.750602,600,10570.99639
4311.275271,600,10590.531601
7265.160439,600,10610.341748
6252.615875,600,10636.894059
6453.738768,600,10656.673254
5424.068155,600,10689.982712
3228.02853,600,10709.823727
5399.604245,600,10736.178418
3692.236015,600,10755.868943
5096.213603,600,10775.813276
5245.124346,600,10802.13586
7675.318506,600,10835.301737
5713.741145,600,10855.079709
6284.598058,600,10874.723468
6825.550197,600,10900.998476
5143.349074,600,10920.474792
8283.18382,600,10954.121381
4852.984876,600,10980.689655
4099.581133,600,11000.426231
4690.597461,600,11020.379087
6169.620013,600,11046.909753
3036.00449,600,11080.032677
7560.170394,600,11099.872612
6819.380785,600,11119.402314
3862.166369,600,11146.167957
5755.761383,600,11165.746607
5009.211026,600,11199.295023
5205.814533,600,11225.828946
5571.207961,600,11245.5835
4490.325288,600,11265.204858
3254.411387,600,11284.736669
7027.575073,600,11324.850774
6089.23857,600,11345.678437
3971.252893,600,11365.335787
3136.369696,600,11391.871873
4633.860463,600,11411.374746
4334.124963,600,11431.756784
5890.327031,600,11471.515666
5201.564014,600,11491.343089
4841.430215,600,11510.798948
8389.501313,600,11530.280256
5874.659556,600,11556.442531
7567.213871,600,11589.605164
6191.030985,600,11609.037312
4498.182915,600,11636.097602
6249.171975,600,11655.894594
5350.425888,600,11675.667791
5366.274464,600,11708.662226
4127.812108,600,11735.520497
7152.793135,600,11754.821194
7334.0895,600,11774.301151
7515.136598,600,11800.727129
3234.583973,600,11834.133739
7704.206091,600,11853.738917
5399.92957,600,11873.246162
6711.634448,600,11899.848707
4609.573127,600,11919.448112
7961.006248,600,11952.798445
5794.171007,600,11979.790563
4637.371885,600,11999.210354
5725.356166,600,12018.8638
6788.308516,600,12045.142021
5828.551162,600,12064.824633
6582.833655,600,12098.083082
6043.793794,600,12117.629385
6128.929161,600,12144.362355
5768.295771,600,12163.862359
6748.150147,600,12183.298608
5658.993398,600,12223.397863
6811.48434,600,12242.863451
4887.210861,600,12262.355712
7225.432855,600,12282.127586
6981.843362,600,12308.621688
4726.983827,600,12341.891133
6394.467562,600,12361.368572
7175.633096,600,12387.822014
5211.445912,600,12407.373714
3359.17511,600,12427.116991
6155.997474,600,12467.306455
7991.694535,600,12486.63185
4982.232906,600,12506.141921
6239.207989,600,12525.858887
4789.49317,600,12552.320935
5642.978289,600,12571.927905
4157.469872,600,12605.012596
4248.04259,600,12631.452917
5200.356164,600,12650.792013
4299.300112,600,12670.165393
5175.751132,600,12689.868805
6074.615163,600,12729.174451
6060.262555,600,12748.634453
7209.077701,600,12768.127293
6568.915697,600,12794.53863
4689.982481,600,12813.965606
5378.526866,600,12847.774872
5435.419835,600,12867.341139
7853.091698,600,12893.799263
6092.218149,600,12913.382905
7058.440552,600,12933.48529
6688.207168,600,12973.736428
5240.853056,600,12994.675103
5011.605014,600,13014.682172
4779.901925,600,13041.455726
5406.910073,600,13061.02664
7405.280452,600,13094.412737
5895.536257,600,13114.146591
6800.789571,600,13140.528444
6748.682139,600,13160.055454
4648.290924,600,13180.07565
5522.029475,600,13206.269334
7677.873927,600,13239.629415
5227.609208,600,13259.564746
7313.229548,600,13279.053648
7272.724873,600,13305.579237
8299.168604,600,13325.260123
6083.411555,600,13358.455152
5919.471241,600,13384.6592
7748.022959,600,13404.09038
5560.215544,600,13423.971575
6155.233714,600,13450.538284
7018.429535,600,13483.676125
6165.305548,600,13503.517932
7757.610595,600,13523.145388
5419.724041,600,13549.773393
4688.313369,600,13569.587251
5372.823686,600,13602.501864
8222.642585,600,13629.02514
5827.787332,600,13648.456613
4544.89864,600,13668.264466
7488.406037,600,13687.616185
5402.585296,600,13727.085588
5493.533437,600,13746.738538
9488.222664,600,13766.017432
4263.984404,600,13792.309337
7187.979486,600,13811.973758
5869.570638,600,13831.534001
8388.916356,600,13871.328486
6281.511171,600,13890.760335
5159.122809,600,13910.277912
5856.246387,600,13929.713396
7081.434886,600,13956.015071
6254.609392,600,13989.219931
5624.726892,600,14008.638397
5416.484766,600,14035.350566
7794.257375,600,14055.053161
4869.118591,600,14074.604434
6767.252159,600,14107.772608
5556.899094,600,14134.841064
3291.454676,600,14154.25528
5323.756381,600,14173.886766
6334.263973,600,14200.422729
7025.683501,600,14234.299559
5113.855878,600,14254.102241
4982.994185,600,14273.618466
4711.976472,600,14300.307559
6434.195199,600,14320.039636
5342.126363,600,14352.985786
4902.993471,600,14379.6777
3466.928813,600,14399.233673
5639.251149,600,14418.819528
4754.646134,600,14445.52907
5596.851246,600,14465.300481
5652.697851,600,14498.390923
7496.748199,600,14517.918882
7971.146785,600,14544.700652
6472.496762,600,14564.499293
4557.705412,600,14583.99462
6440.21889,600,14624.336087
3259.133909,600,14643.981363
7181.456625,600,14663.436864
6299.845755,600,14683.375421
6008.03213,600,14710.053672
6146.488483,600,14743.405081
4643.603061,600,14762.970957
6446.029681,600,14789.681658
7862.709077,600,14809.432683
6815.833153,600,14829.288362
7733.915639,600,14869.5262
4511.962203,600,14889.19162
4688.65922,600,14908.757027
4860.557112,600,14928.72193
5688.09263,600,14955.060042
4120.241271,600,14988.035751
4799.930435,600,15007.688366
5068.078227,600,15034.445087
5621.475799,600,15053.876315
8000.474435,600,15073.440274
5453.457383,600,15093.289325
5696.154865,600,15133.566313
5231.622692,600,15153.239439
5096.095666,600,15173.039262
5027.848001,600,15199.400909
5487.084497,600,15219.181078
4269.517262,600,15252.695594
6947.379289,600,15279.480027
6659.06306,600,15299.125721
3278.823363,600,15318.7384
5916.335483,600,15338.652172
4332.577258,600,15378.80905
5487.465261,600,15398.588672
6165.971144,600,15418.763993
6547.814864,600,15445.390733
5893.010201,600,15465.235608
4434.176996,600,15498.867213
3843.765779,600,15518.709776
6766.727398,600,15545.263947
5524.413349,600,15564.871586
7312.319363,600,15584.82719
4639.630778,600,15611.294975
3890.238372,600,15644.725064
6713.509832,600,15664.631281
6773.977572,600,15685.166675
2617.115279,600,15712.154936
4912.838393,600,15731.811348
4918.144565,600,15765.38676
6724.963041,600,15791.763385
5583.836352,600,15811.685687
5593.005725,600,15831.68389
8561.416514,600,15858.196264
4977.966763,600,15891.73918
6464.727938,600,15911.619911
6722.249286,600,15931.518203
6069.564395,600,15958.091735
4334.857461,600,15977.834244
4539.301259,600,16011.284907
6051.777962,600,16037.936536
5614.206568,600,16057.982196
4651.804833,600,16077.797627
4818.626514,600,16097.49559
5156.207656,600,16137.58717
8543.909115,600,16157.341055
7524.317085,600,16177.131296
7056.632638,600,16203.394464
4209.165174,600,16223.183044
3701.629761,600,16243.120944
4509.276819,600,16282.94362
5029.558776,600,16302.600108
5390.753816,600,16322.684712
6538.297055,600,16342.356968
5082.292239,600,16368.894334
5930.831223,600,16402.330588
5730.648162,600,16422.352072
6559.551887,600,16449.728407
4360.51442,600,16469.891179
6385.586881,600,16489.780331
8266.19496,600,16523.364211
5031.343553,600,16550.075892
5572.478406,600,16570.049763
6161.557013,600,16590.254674
4494.213452,600,16617.205934
6421.330979,600,16651.229164
6869.914812,600,16671.211439
5914.071807,600,16691.076308
5461.708226,600,16717.864743
7787.343045,600,16737.791223
5249.394123,600,16771.421687
5757.691707,600,16798.077256
6131.253848,600,16817.883356
5416.099968,600,16838.001803
7841.518337,600,16864.333267
5276.315161,600,16884.504493
5548.222093,600,16917.833424
5343.270938,600,16937.624003
4984.938608,600,16964.44445
7375.905823,600,16984.292335
6419.516889,600,17004.145473
6601.724217,600,17045.069727
4689.905205,600,17065.212986
5683.92873,600,17085.084619
6123.578042,600,17104.844623
8637.224343,600,17131.98858
4296.977614,600,17165.16868
7173.115516,600,17184.894414
5660.29702,600,17211.953688
8593.002831,600,17231.969957
5910.954545,600,17251.569777
7031.751616,600,17291.66179
5573.850639,600,17311.329735
5084.631879,600,17331.053628
4553.10013,600,17351.163778
4620.182787,600,17378.321099
6162.835718,600,17411.809812
4414.75699,600,17432.865515
5731.33342,600,17459.597161
6041.229844,600,17479.343133
7314.391246,600,17499.417282
9061.617045,600,17519.384911
7004.617154,600,17559.45684
2186.497898,600,17579.258388
7677.556646,600,17599.17707
5453.451937,600,17625.992511
6903.567165,600,17645.780662
4750.560166,600,17679.61579
4898.515354,600,17707.881961
6440.013607,600,17727.820554
7615.086476,600,17748.014788
5544.076613,600,17768.074183
4089.871832,600,17808.728841
6936.341913,600,17828.542038
5945.231157,600,17848.562368
6720.321664,600,17875.247262
4749.721808,600,17895.151748
5613.403794,600,17928.940694
5506.051725,600,17948.72877
5499.473298,600,17975.473711
3810.326788,600,17995.198544
4253.755612,600,18015.262099
4108.566791,600,18055.828041
4513.248996,600,18075.695607
5240.709274,600,18095.798306
6664.679481,600,18115.51264
5496.04687,600,18142.136984
5141.337821,600,18161.903391
8183.192464,600,18195.69871
9373.570586,600,18222.34225
6451.07807,600,18242.439504
6072.502264,600,18262.801277
6782.210491,600,18289.945594
6089.349043,600,18323.203316
3121.696669,600,18343.40194
5397.116826,600,18363.159745
7399.412349,600,18389.6831
7315.556218,600,18409.850128
6275.496062,600,18443.41796
7113.526611,600,18469.978754
4955.585863,600,18489.859952
6444.399781,600,18509.801286
4562.337076,600,18529.56084
6207.459992,600,18569.707975
2790.093296,600,18589.689428
8269.545301,600,18609.377452
6776.357636,600,18636.149751
5987.699251,600,18655.781355
6416.268056,600,18675.680121
6480.925212,600,18716.187808
4902.217235,600,18736.181766
5384.543928,600,18756.044579
5375.662854,600,18775.990092
5168.730977,600,18802.729517
8255.276763,600,18836.879238
6633.825746,600,18856.832072
5603.165182,600,18883.687411
5760.343512,600,18903.663358
6720.473641,600,18923.830635
5764.872965,600,18957.515524
6679.121019,600,18984.533238
4626.559334,600,19004.407079
9431.451492,600,19024.543419
5692.727885,600,19051.315172
4780.665295,600,19085.202544
6224.668455,600,19105.179977
4267.05663,600,19125.118591
4393.512783,600,19151.934241
5720.763551,600,19172.028774
5190.163206,600,19205.538719
5440.369803,600,19232.634256
3250.739662,600,19252.332793
4969.780064,600,19272.026306
6501.885844,600,19298.639658
3207.01515,600,19318.570722
6116.506255,600,19352.002633
6229.209582,600,19371.8318
6321.226944,600,19398.783081
5501.451075,600,19418.591211
6446.928044,600,19438.654999
6934.034062,600,19479.206444
6282.089832,600,19498.822656
4409.38133,600,19518.507977
6197.675531,600,19538.422944
4236.816026,600,19565.362877
3234.634071,600,19598.593611
7590.105765,600,19618.522735
5212.473085,600,19645.066364
5783.626791,600,19665.36842
7442.30978,600,19685.023247
6397.377747,600,19725.813984
4656.276014,600,19745.632976
5302.804821,600,19765.522374
5280.182947,600,19785.500278
4637.667777,600,19812.329064
5695.705413,600,19846.277165
10058.622335,600,19866.410096
4987.643885,600,19893.236517
5801.281475,600,19913.039117
4491.350055,600,19932.865889
7236.004029,600,19953.320416
4056.918377,600,19993.5299
7568.697813,600,20013.921866
3528.195616,600,20035.159511
5467.422887,600,20061.97115
5228.784746,600,20082.225105
6005.591417,600,20115.978947
3689.252506,600,20142.923466
4794.862864,600,20162.957051
6910.173093,600,20182.881339
6522.562748,600,20203.06449
5143.894891,600,20243.726242
7644.543658,600,20263.81961
4556.001565,600,20283.895252
6803.786841,600,20310.679981
4119.383749,600,20330.518799
5560.874161,600,20364.284673
4682.181565,600,20384.529439
4583.207791,600,20411.154678
5902.343726,600,20431.422746
8141.717709,600,20451.584947
5224.058603,600,20492.014826
6626.5478,600,20511.732535
6218.812688,600,20531.771567
6190.122588,600,20551.750382
3674.040238,600,20578.142788
6110.176046,600,20598.104954
6970.116131,600,20631.819009
4827.887484,600,20658.320187
4689.974768,600,20678.235204
4889.46678,600,20698.02873
5616.380113,600,20724.712737
6372.88805,600,20758.125017
4961.470254,600,20778.048673
4681.046931,600,20797.922629
6359.371422,600,20824.851173
6149.260544,600,20845.072858
4953.966487,600,20878.76421
5267.282576,600,20905.508505
4882.788185,600,20925.378269
6615.303721,600,20945.191249
4347.774508,600,20965.054078
6024.480483,600,21005.582761
5940.729666,600,21025.786858
5282.089053,600,21045.934536
6317.148494,600,21072.829457
7094.933895,600,21093.068538
8197.046643,600,21126.82974
6054.606,600,21153.764885
6181.889378,600,21173.923931
7442.56601,600,21193.826411
5526.247644,600,21213.736195
5891.281187,600,21240.669205
5616.167922,600,21274.9556
4072.168337,600,21294.896764
7442.269829,600,21321.769044
7504.674187,600,21341.81234
6776.582535,600,21361.644663
4930.09519,600,21395.490102
5917.493879,600,21422.747504
3690.054101,600,21442.729219
4425.648574,600,21462.76057
3694.603147,600,21489.377544
2812.635801,600,21523.297907
5409.770982,600,21543.329777
3768.532367,600,21570.04135
6904.881591,600,21589.987677
5252.605923,600,21609.811575
5234.683429,600,21646.486959
5752.938395,600,21673.858415
3675.512298,600,21694.320367
6600.171224,600,21714.105367
7780.514519,600,21741.254618
6373.167308,600,21761.203905
6858.017675,600,21794.553241
4502.027251,600,21814.429544
3414.927069,600,21841.683451
6379.74181,600,21861.49165
6448.346656,600,21881.424054
8408.011457,600,21921.898746
4779.721973,600,21941.848634
6005.823496,600,21961.677581
4066.545234,600,21981.785297
4130.828297,600,22008.280353
5463.958375,600,22042.034728
4506.3169,600,22061.936634
4000.534996,600,22088.824742
5905.935273,600,22108.649606
5529.973946,600,22128.635484
5857.212981,600,22169.318265
6516.849507,600,22189.234439
7311.562027,600,22209.107098
6624.524753,600,22229.297164
7405.159806,600,22256.1023
5132.472952,600,22289.900911
4104.962214,600,22309.912577
4498.338745,600,22336.739385
5472.796502,600,22356.646973
4604.340845,600,22376.473868
5419.223537,600,22396.584164
5350.358157,600,22437.181622
7636.872041,600,22457.167225
4042.519342,600,22477.461512
6189.444749,600,22504.429759
5738.915994,600,22524.325979
6174.863513,600,22558.410246
5155.728899,600,22585.060085
4128.33583,600,22605.00341
6972.540105,600,22624.893969
8156.224546,600,22644.956085
6503.641469,600,22685.557297
6460.296389,600,22705.468526
4615.808724,600,22726.670344
8757.359362,600,22753.838585
4960.377794,600,22774.036119
6666.692501,600,22807.820491
7052.629059,600,22827.71334
5754.952492,600,22854.321555
4722.301513,600,22874.200132
6990.838914,600,22894.418834
3177.366175,600,22934.657937
4085.192549,600,22954.578639
6093.783999,600,22974.616458
5435.429567,600,22994.523589
6330.160292,600,23021.301825
6886.438011,600,23041.405803
7302.21491,600,23075.152729
6065.421687,600,23101.888267
8145.564305,600,23121.823394
6149.509847,600,23142.400642
5684.944551,600,23168.966049
5723.385992,600,23202.684073
5571.283891,600,23222.986058
6473.143894,600,23242.836339
-13147.322304,600,23269.756285
5234.565983,600,23289.643446
6565.12567,600,23323.818555
5579.713238,600,23350.423811
4151.09771,600,23370.360412
8647.438062,600,23390.630017
7174.620369,600,23410.476097
4641.80865,600,23451.452215
5736.574183,600,23471.37078
7863.548131,600,23491.297902
7251.849905,600,23518.037375
7166.542685,600,23538.128651
2946.465389,600,23572.147002
5378.040373,600,23599.3752
7961.416329,600,23619.37604
4539.983822,600,23639.463211
7317.392245,600,23659.429464
4471.171884,600,23686.376875
5594.030033,600,23720.520941
4784.853377,600,23740.787591
7443.700232,600,23767.493433
6950.052357,600,23787.684731
3827.030154,600,23807.926581
4880.642837,600,23841.504666
5033.360806,600,23868.393605
7093.969314,600,23888.422126
3531.129081,600,23908.309704
3605.539109,600,23935.127319
3739.831813,600,23968.768788
7133.689074,600,23989.140385
4963.895339,600,24015.724506
3309.362824,600,24036.182008
6797.401011,600,24055.856486
8500.235204,600,24089.309467
6132.087477,600,24116.340819
3993.736329,600,24136.178693
9169.248924,600,24156.100122
6307.475529,600,24182.673767
7954.178202,600,24216.833961
6067.232561,600,24236.966556
4764.26765,600,24257.75757
5582.874691,600,24284.855976
5831.734893,600,24304.799171
4738.680162,600,24325.043463
6065.350413,600,24365.873098
5498.5365,600,24385.873488
5487.066379,600,24405.875171
5022.213787,600,24425.983615
7021.848986,600,24453.655011
6565.507377,600,24487.414689
5401.328742,600,24507.231013
6767.855899,600,24534.61378
4523.643917,600,24554.716355
6990.742465,600,24574.754407
5925.678124,600,24615.548517
5388.406903,600,24635.633838
6896.914233,600,24655.641896
7698.933642,600,24675.63139
7729.787875,600,24702.602348
7850.911216,600,24736.484321
6132.652342,600,24756.539513
5194.230138,600,24783.526159
5050.325904,600,24803.573185
7191.423079,600,24823.682259
5964.272845,600,24844.118599
5691.142148,600,24884.928868
5253.825322,600,24904.805071
3669.707494,600,24925.119687
2982.168969,600,24952.003194
5884.263776,600,24972.079081
6496.740253,600,25006.014436
7443.553982,600,25033.235622
4308.060231,600,25053.295513
4896.492926,600,25073.289073
7765.228138,600,25093.466015
6127.042809,600,25134.5152
7232.575409,600,25154.312898
7099.248466,600,25174.498393
7777.274668,600,25201.072469
4725.469411,600,25221.037363
5838.846425,600,25255.1847
4009.487709,600,25275.348635
5630.608537,600,25301.980425
6973.23064,600,25321.88897
7049.710751,600,25341.936428
6441.44227,600,25382.418387
7652.376308,600,25402.400806
6842.42404,600,25422.740979
7826.815057,600,25442.770577
6848.73787,600,25469.623384
7918.161062,600,25489.839315
7207.290644,600,25524.10671
6770.718411,600,25551.228168
4492.038051,600,25571.260141
4808.870248,600,25591.581986
4108.937955,600,25618.893393
6711.804557,600,25652.783681
4387.301022,600,25673.091063
8462.776973,600,25693.276505
7056.685362,600,25720.231803
6560.291903,600,25740.406097
6451.040538,600,25774.507279
5802.815929,600,25801.373245
8001.369128,600,25821.664738
6450.037657,600,25842.421128
7038.466089,600,25863.192699
4527.402146,600,25904.383107
7458.943534,600,25924.534227
5376.165526,600,25944.601401
7392.373956,600,25971.487281
5583.484373,600,25991.463605
5864.888489,600,26025.697168
5725.112746,600,26052.787845
8038.055656,600,26073.027688
6087.830881,600,26093.134728
7337.143244,600,26113.061775
5629.825888,600,26140.343794
5079.39157,600,26174.472748
8240.454651,600,26195.279837
4857.785887,600,26222.527008
4351.858582,600,26242.620472
6913.61758,600,26263.017521
6925.560463,600,26296.886051
6829.424669,600,26323.922692
5211.883977,600,26343.815841
9599.85803,600,26363.664321
5405.795659,600,26390.991389
5912.895511,600,26425.032226
5666.906888,600,26445.188946
6474.560493,600,26472.046963
5732.40111,600,26492.602173
4040.544798,600,26512.659987
4193.036217,600,26546.682481
6832.959669,600,26573.948
6989.370584,600,26593.895227
5592.271894,600,26613.929912
6235.622881,600,26641.006686
5274.827284,600,26675.436896
5189.543522,600,26695.630909
5618.560033,600,26715.86957
5182.30766,600,26743.523131
6897.238069,600,26763.532535
4458.365836,600,26783.693186
7583.45078,600,26825.15982
5452.103019,600,26845.296671
4830.707547,600,26865.83844
6945.457079,600,26885.865037
7854.158107,600,26913.192747
6243.81864,600,26947.108994
6490.202161,600,26967.085501
6360.345432,600,26994.247898
6057.1935,600,27014.293985
7709.172969,600,27034.865461
7275.175813,600,27075.978044
3434.07633,600,27096.125522
5392.858776,600,27116.201607
6469.512924,600,27136.191612
5782.000377,600,27163.882681
6319.782446,600,27198.007108
4076.382889,600,27218.750365
4551.196341,600,27246.041826
4642.720297,600,27266.274471
7032.870603,600,27286.686273
3607.357131,600,27320.8755
5112.677191,600,27347.975516
4115.466296,600,27368.111533
5889.372225,600,27388.102014
4530.54011,600,27415.166006
4738.259664,600,27435.262693
6549.616402,600,27469.241014
5757.825047,600,27495.916579
6815.664803,600,27515.999645
5286.415849,600,27536.321931
5366.443566,600,27556.450403
4305.584647,600,27597.059557
7844.154765,600,27617.101246
4755.910469,600,27637.502041
5364.699023,600,27664.532671
5820.510816,600,27684.625426
6858.933664,600,27718.963325
4393.067934,600,27738.945545
5623.247254,600,27765.935333
5954.894337,600,27785.998864
4219.474842,600,27806.229948
4649.562124,600,27846.88084
4357.581655,600,27867.064624
4608.249949,600,27887.59199
5955.935212,600,27914.493343
5331.875151,600,27934.966276
5449.638658,600,27955.086136
5843.60365,600,27989.387571
4913.707902,600,28016.748715
5340.942659,600,28037.076713
5303.581397,600,28057.428883
7064.403891,600,28084.223916
-6349.792447,600,28118.299103
4392.530324,600,28138.813515
5178.896157,600,28158.866172
6162.150556,600,28186.203784
8893.763563,600,28206.751073
4747.415596,600,28241.60108
5696.301442,600,28268.804761
4884.276923,600,28289.057258
6049.684037,600,28309.516921
7255.553997,600,28329.688123
6489.083043,600,28370.653493
6006.695114,600,28390.975957
3738.404038,600,28411.261763
6799.777895,600,28438.166281
5499.750788,600,28458.705535
5436.99092,600,28493.180095
6144.425724,600,28520.389128
6057.764412,600,28540.745778
9057.434088,600,28561.098374
6328.671442,600,28581.904145
5180.054599,600,28609.15695
6080.719595,600,28643.310201
6450.776991,600,28663.370081
6202.914854,600,28690.257006
5471.74675,600,28710.59476
7579.786182,600,28730.581473
5642.783951,600,28764.245074
5868.482473,600,28791.175437
6256.522133,600,28811.308276
6770.463596,600,28831.493077
6808.454445,600,28858.399745
6073.058447,600,28892.675409
7884.688348,600,28912.639429
4838.618808,600,28939.622744
5002.70698,600,28960.138517
5907.001412,600,28980.175878
6711.327202,600,29014.478199
4823.183842,600,29041.874795
5626.608389,600,29062.039182
4789.473749,600,29082.423075
4721.28471,600,29109.647471
6484.008604,600,29144.629615
6280.253178,600,29164.981425
2446.870515,600,29185.218248
5583.978885,600,29212.699714
4786.295539,600,29233.369955
6288.262342,600,29254.019817
4806.727322,600,29295.61716
4795.069646,600,29316.286289
5089.457837,600,29336.770709
6673.406976,600,29357.202829
6375.367729,600,29384.479348
5174.598082,600,29418.754279
4242.524722,600,29440.507257
5842.188122,600,29467.659155
8652.093066,600,29487.797208
7945.339783,600,29508.072721
6000.654566,600,29549.867074
6927.28183,600,29570.017831
7133.579671,600,29590.224814
6316.869978,600,29610.657857
6913.532212,600,29637.998606
6127.466634,600,29672.983641
4777.976287,600,29693.20795
6503.590879,600,29720.290545
7041.052335,600,29740.771412
3917.483893,600,29760.791481
4719.98409,600,29795.166116
4964.867185,600,29822.208139
5907.905256,600,29842.338775
7122.912916,600,29862.649987
7099.144486,600,29889.794658
5917.213913,600,29909.981726
5417.091055,600,29944.487742
5589.136105,600,29971.921289
4283.222637,600,29992.083729
5135.675022,600,30012.481715
4569.84751,600,30032.933195
7732.0256,600,30074.404271
5751.819407,600,30094.498338
4055.071807,600,30114.916575
3595.732202,600,30142.149893
7722.505763,600,30162.594275
4233.973275,600,30197.429452
7542.969254,600,30219.119194
7292.099283,600,30246.358976
5165.030835,600,30266.800429
2888.405179,600,30287.43307
2618.442994,600,30328.950157
3942.268362,600,30349.754223
6536.796212,600,30370.179544
6605.994888,600,30397.597276
3795.788455,600,30418.081117
8816.21093,600,30452.777282
6143.544256,600,30473.385319
5690.486101,600,30500.593087
7932.423094,600,30521.15295
4158.924833,600,30541.651661
4940.73127,600,30569.308397
5977.491047,600,30604.627365
5248.199544,600,30625.131971
5754.552428,600,30645.782162
5160.371459,600,30672.813887
3401.572463,600,30693.827987
4638.911433,600,30728.384366
8715.337134,600,30755.683461
5347.301573,600,30776.108476
5071.048215,600,30796.510079
7747.375944,600,30817.148697
5347.824445,600,30858.837042
6772.826523,600,30879.519771
6858.819419,600,30899.894991
5203.405069,600,30926.9894
6868.905783,600,30947.458244
3833.019993,600,30981.697
3696.17003,600,31009.257702
5843.637472,600,31029.52458
4470.382461,600,31050.087996
5146.887067,600,31070.464595
3926.793388,600,31097.755095
5054.218017,600,31132.52194
6252.168284,600,31152.722279
7003.770977,600,31180.061048
5267.177895,600,31200.470139
4696.045698,600,31220.933176
5232.898853,600,31255.438858
3994.729754,600,31282.752971
5642.527179,600,31303.397658
8077.786571,600,31323.654788
6572.872446,600,31351.319145
-1396.966729,600,31385.924507
3800.200775,600,31406.379681
7043.803754,600,31433.688952
4704.409579,600,31454.162564
4519.564949,600,31474.780982
6717.461196,600,31509.363947
7185.133474,600,31537.080994
7763.720116,600,31557.57005
4446.377267,600,31577.971798
6039.897637,600,31605.254108
4454.69114,600,31640.231014
7930.68491,600,31660.791032
5399.755918,600,31681.182328
7192.076603,600,31708.344558
6368.965482,600,31729.099474
4400.915211,600,31749.494367
6887.890281,600,31791.514118
7499.390602,600,31811.855001
5887.298651,600,31832.58582
7360.395624,600,31853.058692
6244.578959,600,31880.322038
4076.168363,600,31914.888902
3354.329336,600,31935.189342
9201.733059,600,31962.361646
5062.340744,600,31982.634651
7113.078749,600,32002.841822
5759.167537,600,32044.914516
5432.344971,600,32065.253717
7204.046327,600,32085.835853
5538.926312,600,32106.15885
6001.666056,600,32133.572413
4976.011079,600,32167.750656
7826.679024,600,32188.007299
5871.63895,600,32215.766312
5932.728665,600,32236.257743
6641.455872,600,32256.973175
4934.704256,600,32291.598915
4850.538963,600,32319.111021
7285.118994,600,32339.47981
7759.517657,600,32359.801046
5405.0421,600,32387.639889
6973.445929,600,32407.855768
7853.681305,600,32442.774533
4180.160326,600,32470.291621
4863.73788,600,32490.873255
6133.319744,600,32511.374413
5805.244432,600,32531.774172
5802.68753,600,32573.444398
4974.760524,600,32593.914268
5751.768086,600,32614.418658
4010.949353,600,32641.936945
6587.378946,600,32662.326552
5439.04876,600,32697.006029
4744.033749,600,32717.456713
2570.157023,600,32745.047779
5937.02423,600,32765.492468
6519.683835,600,32785.903526
8274.049335,600,32827.85551
4758.799931,600,32848.871289
5871.234734,600,32869.951486
6467.472075,600,32897.452098
3843.356591,600,32917.965709
5075.756562,600,32952.873527
7356.601671,600,32973.440606
7921.692044,600,33000.59645
7476.67527,600,33021.209762
3989.861782,600,33041.804314
5565.662649,600,33069.042944
5694.969679,600,33103.974155
7507.032462,600,33124.353894
5027.9366,600,33144.703062
5792.615054,600,33171.862951
4854.421027,600,33192.406726
4939.751754,600,33227.229703
5835.35619,600,33254.550602
4783.245465,600,33274.975046
6544.845128,600,33295.600818
8403.67594,600,33315.987455
6988.990095,600,33357.767769
7184.375863,600,33378.358481
6385.374996,600,33399.054713
6492.883974,600,33426.762274
7442.491551,600,33447.442961
6858.456464,600,33482.354306
5190.289352,600,33509.685002
7159.61162,600,33530.431354
4364.552579,600,33550.971864
9059.251711,600,33571.611129
3492.380507,600,33613.187428
5646.975511,600,33634.186972
5701.901606,600,33654.758534
5630.285442,600,33682.085133
6515.69294,600,33702.641673
4895.191267,600,33723.0167
5241.583497,600,33757.711029
7837.902652,600,33785.085397
8487.763436,600,33805.651671
5717.642465,600,33826.400035
4862.570385,600,33853.720722
6036.845346,600,33888.595307
7254.351837,600,33909.174308
7012.788395,600,33936.891349
4896.574504,600,33957.328189
5762.058311,600,33978.095138
4319.811858,600,34012.823298
5007.496194,600,34040.301067
5118.872165,600,34061.604938
3009.591395,600,34082.116116
5106.474663,600,34109.448318
4043.232241,600,34144.443389
6366.811774,600,34164.912785
4690.910018,600,34185.50287
6807.734287,600,34212.88065
5511.848581,600,34233.48181
4074.295588,600,34253.836132
5443.691111,600,34295.252363
6069.880479,600,34315.619039
3880.677895,600,34336.053141
5001.150552,600,34363.589589
5154.995397,600,34383.7897
6299.674206,600,34418.67975
4783.01071,600,34438.922372
8174.448886,600,34466.163762
5628.4699,600,34487.254242
6140.646065,600,34508.235718
6219.373932,600,34550.18618
10119.310208,600,34570.778058
4220.878997,600,34591.295679
4090.337412,600,34614.202108
6145.667783,600,34641.610397
7030.999587,600,34676.612929
5631.180553,600,34697.037692
8140.68381,600,34724.653834
4935.657885,600,34745.089092
7164.706764,600,34765.557413
6599.683383,600,34800.32957
5995.237028,600,34827.885076
5850.29314,600,34848.669571
5809.724645,600,34869.253049
5545.127253,600,34896.729063
7887.536049,600,34917.245378
8101.103967,600,34951.950674
8477.06498,600,34979.504822
4884.167215,600,34999.919671
8032.808919,600,35020.481553
5612.509879,600,35041.114912
5569.206702,600,35082.911142
6844.003137,600,35103.533513
6168.272304,600,35124.112855
6727.841627,600,35151.90806
6675.024768,600,35172.391704
7270.677659,600,35207.371096
6607.677531,600,35227.924524
6798.494408,600,35255.685252
3938.156647,600,35276.16204
9258.111815,600,35297.380562
6214.596833,600,35339.260023
7799.924345,600,35359.775063
5302.075121,600,35380.901665
6289.376629,600,35408.605741
5481.201442,600,35429.174442
3680.261765,600,35464.026572
4671.214949,600,35484.685761
4688.533938,600,35511.943214
7563.803293,600,35532.307157
5938.542027,600,35552.86468
5162.067191,600,35580.039666
5917.215861,600,35614.790075
6305.420044,600,35635.660687
8066.64156,600,35656.174833
5922.074741,600,35683.785358
6286.735268,600,35704.451188
5006.016519,600,35739.65183
5064.770416,600,35766.991835
5376.063363,600,35787.427521
5615.149904,600,35808.365882
6394.216209,600,35828.965414
5082.347397,600,35870.721949
5735.675077,600,35891.264537
5523.725377,600,35912.093987
6002.445717,600,35939.677826
6677.596383,600,35960.44842
4648.320593,600,35995.445308
6196.487088,600,36022.924873
3312.870794,600,36043.746541
6894.242094,600,36064.401978
7113.631757,600,36084.952946
-7511.563248,600,36127.032743
5493.012938,600,36147.673106
4350.985986,600,36168.271238
6740.417888,600,36195.635444
6434.265759,600,36216.242856
4241.140487,600,36237.044625
7932.32596,600,36271.82907
4772.498664,600,36299.373559
5746.9259,600,36319.733918
6576.424186,600,36340.96605
5688.112316,600,36368.372927
8842.121162,600,36403.423724
6510.82599,600,36423.947267
5241.289852,600,36451.4772
6910.045087,600,36472.048825
4419.12038,600,36492.722599
3577.739033,600,36527.60571
5022.501746,600,36555.502235
7787.788207,600,36576.307216
5797.243965,600,36596.748979
6637.555298,600,36624.062921
4728.651128,600,36659.047184
5866.666342,600,36679.459873
6040.16209,600,36700.112601
6861.61932,600,36727.238379
5628.459452,600,36747.621797
6088.697139,600,36782.442077
6581.384468,600,36810.10596
5939.670882,600,36830.752074
5330.155605,600,36851.154375
5284.463241,600,36878.767241
9268.822396,600,36899.46532
5305.054039,600,36934.568051
6683.924262,600,36955.061192
4898.127164,600,36982.565128
3511.938868,600,37003.63035
5474.299958,600,37024.43744
6175.628174,600,37066.793653
7137.502842,600,37087.633564
7333.475046,600,37108.495233
4500.002604,600,37129.381937
5713.8893,600,37156.897988
7911.7365,600,37193.173589
7208.483091,600,37213.663807
4900.431472,600,37241.737573
7082.180048,600,37262.20584
7476.159539,600,37282.721451
5894.595406,600,37317.70957
4937.790322,600,37345.281006
6221.716089,600,37366.063719
6867.736252,600,37386.656446
6365.768357,600,37414.251383
5586.760087,600,37434.95729
4205.913013,600,37469.840833
5433.921929,600,37497.582893
5980.794687,600,37518.181522
4757.856075,600,37539.036661
4284.90848,600,37559.748926
3807.7903,600,37601.879666
5737.503312,600,37622.852693
4288.906543,600,37643.452647
5778.763294,600,37671.999466
5077.424927,600,37692.513248
5524.839691,600,37727.371297
5926.154816,600,37747.912021
3829.531524,600,37775.570535
4486.609613,600,37795.965574
6881.45435,600,37816.312783
4836.389012,600,37858.735998
6456.529401,600,37879.406024
5193.680391,600,37899.922889
6868.294816,600,37927.352611
7242.552412,600,37947.80123
5483.531607,600,37982.782566
5075.225668,600,38003.430135
7980.464073,600,38031.086854
5947.52499,600,38051.559662
6192.397158,600,38072.154826
5821.572351,600,38099.842637
5259.945032,600,38134.627357
6344.454629,600,38155.251557
5131.43139,600,38175.938169
4108.855772,600,38203.56294
7403.344409,600,38224.358914
4440.851453,600,38259.658704
5192.503435,600,38287.223248
6620.512319,600,38308.024503
5099.843317,600,38329.107973
5332.187127,600,38349.910593
6405.392312,600,38392.154367
7493.459176,600,38412.818077
6834.301998,600,38433.700339
5890.58188,600,38461.186162
4197.906231,600,38481.91623
9089.163787,600,38517.179132
6644.048397,600,38544.758065
5214.055612,600,38565.421513
5144.595119,600,38585.933772
5830.402635,600,38606.816127
4835.071376,600,38648.714258
7943.20851,600,38669.602416
3854.74952,600,38690.554991
5208.474435,600,38718.027247
4101.514148,600,38738.787683
4496.326398,600,38759.449595
6024.817871,600,38794.90086
7544.19439,600,38822.809085
4962.592723,600,38843.827124
4288.341366,600,38864.296821
5746.404729,600,38891.799723
6943.753848,600,38928.471775
5275.570544,600,38949.370833
7495.533473,600,38977.323041
6113.921789,600,38997.908637
6134.399656,600,39018.564063
5300.394111,600,39053.759137
5146.008229,600,39081.291416
4022.982828,600,39102.142926
5651.21323,600,39122.709149
5536.074104,600,39150.271923
5245.383385,600,39185.029461
6566.970203,600,39205.945072
8359.534399,600,39226.868581
7521.904348,600,39254.294568
7725.991915,600,39275.118685
6580.023191,600,39310.39087
7448.971934,600,39338.562428
7302.295812,600,39359.414166
2519.982046,600,39380.216753
4921.291831,600,39408.45242
6337.129681,600,39429.222886
6251.24118,600,39464.155971
5765.866318,600,39484.658859
5482.028947,600,39512.267929
3300.787524,600,39532.992092
5625.863384,600,39553.661745
7319.125978,600,39595.742463
7410.794709,600,39616.510871
4925.009817,600,39637.338878
6094.105274,600,39658.094951
4952.661836,600,39685.703931
4303.036211,600,39720.751826
6164.779617,600,39741.419085
8511.432258,600,39770.053898
6954.935328,600,39791.277717
7557.395445,600,39812.409868
6477.096795,600,39847.406601
6102.109645,600,39875.460375
5419.509326,600,39896.105606
6113.037092,600,39916.88886
6633.343323,600,39945.024564
3148.027445,600,39979.996026
4755.830886,600,40000.582221
5789.858653,600,40028.21111
4776.797884,600,40048.766097
4433.916836,600,40069.257896
6959.681655,600,40089.819474
7088.003842,600,40132.152821
4018.29435,600,40152.525287
7845.571449,600,40174.244355
4521.684979,600,40203.414714
7291.041423,600,40225.52764
5788.553657,600,40262.484526
4555.415297,600,40283.147107
6442.89799,600,40310.955878
8800.877901,600,40331.704907
7443.352445,600,40352.495803
6338.765593,600,40394.305852
3594.792302,600,40415.000968
8327.363743,600,40435.948827
5289.869918,600,40463.922955
5312.721883,600,40484.611909
6159.299506,600,40519.722643
7593.67294,600,40540.653476
7680.596681,600,40568.471475
8925.659807,600,40590.707437
5503.227076,600,40614.452026
3378.839436,600,40644.508589
