#{"t_start": 1656794363.508879, "env_id": "uav-v0"}
r,l,t
-3601.202781,600,29.528537
-28264.255529,600,58.567152
-24197.158678,600,87.549376
-7563.797423,600,131.032974
-11999.299171,600,160.008183
-14854.904189,600,209.822377
-6029.227516,600,253.874945
-8199.864641,600,282.762758
-2001.856284,600,311.51774
943.185734,600,340.534569
-3938.737268,600,405.454546
-4721.70155,600,433.770507
1641.923845,600,462.119973
-15333.568871,600,504.843301
-5775.517097,600,533.43063
-6323.041852,600,583.204816
-8781.120266,600,611.992949
-18417.688281,600,655.742637
296.858948,600,684.547755
-1343.356326,600,713.25698
467.140411,600,778.208473
-306.801338,600,806.743227
-22934.366693,600,835.432082
-6043.158184,600,879.140944
-3938.627108,600,907.915281
1037.904744,600,936.530551
-7894.736639,600,986.185957
-2345.467125,600,1030.002971
-3730.562271,600,1058.859381
93.689158,600,1087.698475
-13510.260219,600,1131.897139
-15488.801912,600,1181.747739
-2423.434744,600,1210.499133
-2354.894107,600,1239.389243
-45.798321,600,1282.939939
-7025.43998,600,1311.70677
840.564154,600,1361.747816
-5238.915122,600,1405.283664
-198.685127,600,1434.889516
-5659.033409,600,1463.865277
-2758.955178,600,1507.869967
-631.312195,600,1557.63546
-7317.27913,600,1586.37617
1843.500297,600,1615.198616
1938.690341,600,1658.893916
-4906.326856,600,1687.698022
-5604.904437,600,1737.473244
1467.124063,600,1780.982772
2134.539566,600,1809.876829
-2437.429427,600,1838.703827
-1384.746584,600,1867.403185
-745.67042,600,1910.758662
-6008.162703,600,1960.483016
-2905.547167,600,1989.200725
-11588.96056,600,2033.059143
-823.540419,600,2061.864532
-1799.302122,600,2090.542594
2192.168359,600,2140.551052
-11245.27184,600,2184.653804
3345.696103,600,2213.600207
1992.484004,600,2242.300383
1605.045673,600,2285.111289
-597.833121,600,2333.983779
2047.708136,600,2362.344759
-4511.69963,600,2405.10836
3337.945338,600,2433.725125
-3619.194798,600,2462.477566
3191.760874,600,2512.10472
-5344.346571,600,2555.224434
-2088.271692,600,2583.832841
-15433.222061,600,2612.376394
2816.965879,600,2655.151553
-4748.752859,600,2704.676912
1329.842035,600,2733.240758
1116.167277,600,2761.906401
-3425.652075,600,2804.655986
-1390.317986,600,2833.195201
2455.248194,600,2861.946952
759.226701,600,2925.956898
-6299.156546,600,2954.467819
1908.108256,600,2982.996322
-10641.128182,600,3025.668138
-5456.18342,600,3054.186313
-3602.571453,600,3103.442083
-2255.118372,600,3131.96558
-7395.575496,600,3174.760725
-6255.729996,600,3203.366771
-1423.9811,600,3232.102405
-1602.475609,600,3296.275796
-1561.412948,600,3324.927293
1278.257809,600,3353.407831
-1410.016021,600,3382.001796
-1869.67374,600,3425.090133
-1890.804375,600,3474.4977
2395.422865,600,3503.07712
-77.15499,600,3545.68358
-4144.381147,600,3574.197877
3244.63307,600,3602.81135
-6285.98839,600,3666.297057
1087.67906,600,3695.034965
1623.034213,600,3723.585505
-3918.878198,600,3752.2317
1421.912176,600,3795.222314
1770.800423,600,3823.904772
-7709.405491,600,3873.767986
2487.82807,600,3916.302758
1221.919689,600,3944.743425
-3922.2286,600,3973.2007
-1579.718823,600,4001.716372
-860.939928,600,4064.872014
1093.464235,600,4093.048367
-2738.64599,600,4121.197318
2054.775792,600,4163.154896
1548.750686,600,4191.473374
3828.558584,600,4240.802254
-742.121272,600,4269.357415
1891.456948,600,4312.372223
-4651.773882,600,4341.011152
-2808.888036,600,4369.603521
-2641.002931,600,4433.240928
-2489.150764,600,4461.650177
648.218416,600,4490.150276
-13927.900591,600,4533.422762
-3005.513028,600,4561.800945
-345.60701,600,4590.397099
-2260.436468,600,4639.422033
-1786.544991,600,4682.618528
-871.434819,600,4711.355786
-1333.710198,600,4739.967995
62.249344,600,4783.156269
3305.098376,600,4832.758493
-1687.514436,600,4861.266186
-4533.752978,600,4889.74318
-55.568412,600,4932.578441
2846.355062,600,4961.106501
1600.821905,600,5010.562956
1338.968977,600,5053.69972
1443.060342,600,5082.38573
-2348.255254,600,5110.973318
1990.919502,600,5153.955125
2240.231366,600,5203.591225
3028.994015,600,5232.063063
-2319.514228,600,5260.522426
-473.942676,600,5303.264451
1576.353767,600,5331.880233
4345.41078,600,5381.484979
4133.978938,600,5424.359285
2386.212237,600,5452.901054
4413.059628,600,5481.390981
650.100121,600,5509.849078
2174.180987,600,5552.552242
2393.060918,600,5601.897117
2629.002937,600,5630.398921
841.307353,600,5673.095997
1030.275066,600,5701.520347
2700.921326,600,5729.984275
2626.790878,600,5778.992527
1646.385918,600,5820.719739
3528.921414,600,5848.833176
-682.609708,600,5876.93298
2354.844812,600,5919.56015
4737.136306,600,5968.869662
-2498.603654,600,5997.457773
2029.962279,600,6039.943984
-2275.485568,600,6068.434774
5966.122455,600,6096.833717
5337.595731,600,6146.264829
4120.779299,600,6189.23007
48.117398,600,6217.815872
-8284.743353,600,6246.381436
-3442.719427,600,6289.067805
882.388978,600,6338.305813
-3673.710945,600,6366.682336
-79.722111,600,6395.119249
1821.748155,600,6437.918947
392.053385,600,6466.498614
-684.923662,600,6495.203369
4154.619619,600,6559.500335
-71.906476,600,6587.94946
3394.013755,600,6616.480302
4518.903972,600,6659.212138
3721.432326,600,6687.767138
1149.159292,600,6737.348172
3392.573945,600,6765.735947
-838.179715,600,6809.013162
2869.275758,600,6837.778051
-1888.104102,600,6866.377966
2582.974608,600,6930.146983
2293.394356,600,6958.693433
-9403.269366,600,6987.209219
-1785.458265,600,7015.625628
3190.957481,600,7058.063258
5585.3481,600,7107.326813
2255.163176,600,7135.877322
675.60362,600,7178.992854
2211.141328,600,7207.363832
5136.05385,600,7235.769226
-5383.299808,600,7299.302435
2356.2966,600,7327.684415
-1406.204234,600,7356.28317
-3700.912082,600,7384.700958
3458.554424,600,7427.476385
-1115.83199,600,7456.10559
2972.987485,600,7504.607729
2479.333558,600,7546.26332
3589.224181,600,7574.239184
3035.247222,600,7602.303384
5345.439343,600,7630.401425
4068.477529,600,7693.751215
4043.312395,600,7722.208823
4355.191623,600,7750.735493
-7635.873878,600,7793.746211
4430.298407,600,7822.239501
3557.491455,600,7871.41914
5215.814687,600,7899.949398
1893.635354,600,7942.884036
-1786.892384,600,7971.357121
-4029.665852,600,7999.903321
4864.466758,600,8063.65578
3685.555634,600,8092.173469
3315.588244,600,8120.659246
4338.836683,600,8163.720727
4442.480791,600,8192.344878
4927.895295,600,8241.533561
4822.404739,600,8270.108121
4346.455459,600,8313.156298
3030.639107,600,8341.830634
1282.782736,600,8370.356703
851.067521,600,8412.987017
4107.379231,600,8462.353898
4301.363191,600,8492.116309
3821.213677,600,8520.427022
5165.676342,600,8563.120285
2819.405825,600,8591.669921
5997.129551,600,8641.003538
3686.94301,600,8683.461254
3082.101838,600,8711.908564
-2063.907069,600,8740.413011
4037.089936,600,8783.303615
4313.404828,600,8832.497487
2730.976493,600,8861.113855
3458.233027,600,8889.659013
2799.815624,600,8932.493523
5274.538062,600,8961.035669
3523.9722,600,9010.651845
-156.31723,600,9053.578025
813.401757,600,9082.163576
-565.114635,600,9110.752038
3413.983755,600,9139.23122
-1887.422168,600,9182.419217
2032.297951,600,9231.607664
4367.11218,600,9259.687873
1452.204788,600,9301.488357
1628.973446,600,9329.577459
6332.792614,600,9358.089228
1713.876689,600,9407.270325
6946.900612,600,9450.063791
4455.467974,600,9478.479207
2647.008707,600,9506.897686
2161.652749,600,9549.784284
4319.244219,600,9598.82959
3703.328739,600,9627.366624
3650.502572,600,9670.095815
1555.250569,600,9698.630978
4532.909313,600,9727.029982
3168.337836,600,9776.243784
3093.101663,600,9819.059654
5113.309983,600,9847.50786
3537.635454,600,9876.078273
379.198048,600,9918.89288
-772.642764,600,9968.139354
4449.592902,600,9996.611778
3627.306706,600,10025.075429
4537.240903,600,10067.928578
-3655.415343,600,10096.42941
2566.586186,600,10124.958652
1771.036006,600,10188.428387
5241.216499,600,10217.04512
4362.002327,600,10245.531436
3372.988991,600,10288.094079
2802.689081,600,10316.587324
2428.294815,600,10365.866816
6068.909071,600,10394.305015
3693.326687,600,10436.857641
-1649.161728,600,10465.227041
6247.009067,600,10493.587231
3018.799094,600,10556.824353
6780.010546,600,10585.541369
3918.850896,600,10614.100711
4618.086304,600,10642.551153
5019.847572,600,10685.576551
6969.106882,600,10734.852587
3118.395298,600,10763.396688
-4735.9955,600,10806.465272
3902.561022,600,10834.948437
3215.266145,600,10863.562253
6059.198666,600,10926.542035
4900.057686,600,10954.622611
5424.900348,600,10982.692993
63.46089,600,11010.793339
5569.36085,600,11052.614101
6184.469634,600,11081.035891
2555.574439,600,11130.47746
-271.798815,600,11173.246835
4044.00985,600,11201.830598
5647.748956,600,11230.391705
5482.459741,600,11258.985085
5315.073704,600,11322.54012
5854.400766,600,11350.930447
5541.054322,600,11379.524447
4767.827795,600,11422.092076
5996.440647,600,11450.603974
3517.239535,600,11499.713974
2706.974802,600,11528.085157
5336.730721,600,11570.643922
4603.309282,600,11599.029155
3570.480281,600,11627.504528
-1495.278287,600,11691.312645
4461.508826,600,11719.86098
4749.315838,600,11748.248348
5784.103572,600,11791.160528
1374.944775,600,11819.772951
2170.502981,600,11869.289849
4927.856001,600,11897.879768
6554.147346,600,11940.749124
1020.02469,600,11969.286464
4637.624273,600,11997.723221
1959.481662,600,12040.816368
7042.644269,600,12090.263792
2465.963319,600,12118.837013
1966.328385,600,12147.337928
5313.649512,600,12190.001682
8043.15207,600,12218.515187
4124.13649,600,12267.885573
6215.546138,600,12310.38905
6518.628558,600,12338.998965
3014.513272,600,12367.594232
2622.891024,600,12410.255827
232.494867,600,12460.070819
-168.91761,600,12488.50753
6145.062337,600,12516.904229
4496.881758,600,12559.483815
6706.853595,600,12587.883807
4796.063351,600,12637.107069
3717.260585,600,12680.244921
3501.683152,600,12708.329129
7284.309602,600,12736.408231
669.991794,600,12764.501339
5120.101663,600,12826.637039
4233.319069,600,12854.829788
5496.319088,600,12883.421724
4858.443647,600,12926.325388
4987.623374,600,12954.810093
4163.18469,600,12983.189012
5781.843905,600,13046.797129
2624.9267,600,13075.308535
4567.734379,600,13103.772412
2244.106214,600,13132.335809
5529.535673,600,13175.273009
5678.969943,600,13224.518055
3621.257564,600,13253.099263
4868.01754,600,13296.167228
6193.15651,600,13324.649276
5822.020563,600,13353.005219
5160.45567,600,13402.284205
4132.288721,600,13444.946649
2388.929928,600,13473.480026
5756.367915,600,13502.000669
142.456212,600,13544.604113
4879.855871,600,13593.982372
3652.122491,600,13622.473089
5645.260486,600,13650.905789
6454.338787,600,13693.273725
3806.246929,600,13721.635914
3877.750769,600,13750.033898
4549.269972,600,13813.617154
4647.545592,600,13842.11439
4163.536208,600,13870.84194
4824.900664,600,13913.831144
4147.42737,600,13942.513637
5481.916418,600,13991.725843
6686.885155,600,14020.36577
5758.017859,600,14063.063262
4825.819682,600,14091.474719
3535.563544,600,14119.921437
6286.055788,600,14183.470078
5709.687124,600,14212.248923
5540.963386,600,14240.716705
4435.584194,600,14269.133024
6503.895982,600,14312.037282
4406.080545,600,14361.322993
5293.040522,600,14389.906974
4827.461633,600,14432.644164
7219.401288,600,14461.24268
3278.792941,600,14489.863803
6457.11883,600,14552.301126
5570.393327,600,14580.451324
6861.194676,600,14608.578369
3831.960258,600,14636.774003
5184.039855,600,14679.194978
6540.62592,600,14707.811866
452.708236,600,14757.130111
612.569536,600,14799.853628
6261.497673,600,14828.405967
7383.737132,600,14856.874004
6736.512523,600,14885.493615
5413.751338,600,14948.897042
3492.80161,600,14977.428108
4041.823886,600,15006.018066
7163.90776,600,15048.7417
6543.38274,600,15077.290134
7876.591298,600,15126.614036
4298.654168,600,15155.095583
4549.183691,600,15197.734702
2054.713541,600,15226.46906
4398.359271,600,15255.041475
5771.126885,600,15318.722281
5905.899336,600,15347.366343
6170.312884,600,15375.833058
5795.201575,600,15418.480666
5470.01338,600,15447.064038
6404.284226,600,15496.256629
1862.798115,600,15524.692327
6784.244961,600,15567.388792
6589.497151,600,15595.913641
4182.312046,600,15624.418602
2356.450828,600,15667.102757
6685.897462,600,15716.585361
5471.291114,600,15745.046664
8793.677177,600,15773.714914
4800.249841,600,15816.426074
5319.631348,600,15845.075695
2584.934021,600,15894.38245
6103.702087,600,15937.513727
6473.585927,600,15965.984727
4318.231916,600,15994.451211
6674.703955,600,16037.395258
6541.215901,600,16086.794304
5730.523521,600,16115.280266
5031.659272,600,16143.713164
5654.141651,600,16186.69949
4195.21382,600,16215.236984
5855.963953,600,16264.565055
6320.297894,600,16306.508674
8221.737839,600,16334.568479
2248.918764,600,16362.649427
6660.091612,600,16390.784201
4766.167971,600,16453.551184
3570.543476,600,16482.102021
6197.74692,600,16510.612589
1199.777165,600,16553.543822
5372.746493,600,16582.118265
7899.184688,600,16610.680882
6296.059132,600,16674.81635
3329.15632,600,16703.341645
5088.7879,600,16731.922535
3825.286329,600,16760.47239
5440.525079,600,16803.352243
3834.997544,600,16852.698246
4544.574377,600,16881.255961
6608.575213,600,16924.358812
228.470828,600,16952.838668
5898.51425,600,16981.37473
5720.347841,600,17030.690336
4426.234083,600,17073.265684
5802.212928,600,17101.700665
5386.566808,600,17130.211284
5609.561265,600,17172.966604
6721.500208,600,17222.052572
2606.270848,600,17250.480264
6689.434218,600,17278.906407
8193.477132,600,17321.796879
6117.239815,600,17350.304203
6321.639488,600,17399.72044
4498.957638,600,17442.591499
5605.052505,600,17471.02841
569.878422,600,17499.387996
5427.514814,600,17541.787853
7184.978248,600,17570.222705
5663.035394,600,17619.492512
3508.470834,600,17647.985154
5890.625249,600,17690.880545
5960.136296,600,17719.354261
5045.889995,600,17747.879467
4864.789087,600,17811.092282
7931.335328,600,17839.410611
3564.057065,600,17867.827548
7033.262987,600,17896.241152
5495.252854,600,17939.084239
5005.247718,600,17988.196258
4547.812454,600,18016.564479
4892.183666,600,18059.253952
6017.05447,600,18087.354008
7065.374381,600,18115.448853
7540.678446,600,18177.561049
2456.609337,600,18205.863772
4856.761579,600,18234.265043
7681.111413,600,18262.901774
8971.044103,600,18305.684457
5308.673512,600,18334.195222
4806.402976,600,18383.43398
6120.866687,600,18426.392992
5795.213327,600,18454.910587
5281.910355,600,18483.370021
5865.492433,600,18512.0492
6036.222604,600,18576.016116
5435.83664,600,18604.544357
9009.076751,600,18633.139166
6806.966343,600,18676.320145
3833.048143,600,18704.804965
8584.936831,600,18754.125171
6130.358511,600,18782.693785
7464.361155,600,18825.598136
4011.562918,600,18854.243151
1711.336263,600,18882.867909
5895.478781,600,18946.530068
6432.392641,600,18975.155249
4429.185969,600,19003.580415
5291.23125,600,19046.025823
6373.200085,600,19074.468403
7444.450289,600,19123.469988
7579.568202,600,19151.892826
7008.379462,600,19194.611222
5055.48389,600,19223.084572
5540.938339,600,19251.570701
7725.283598,600,19294.385334
7434.318925,600,19343.561928
5065.417493,600,19372.153805
6620.441853,600,19400.644212
5024.04565,600,19443.254524
4863.589272,600,19472.048724
6538.490999,600,19521.326049
4116.570225,600,19564.275182
5501.871167,600,19592.826582
6921.18495,600,19621.394126
6456.575617,600,19663.930101
5840.014757,600,19713.281497
4911.023317,600,19741.398562
5506.028548,600,19769.448472
6434.940771,600,19811.233667
7853.932603,600,19839.369276
985.000028,600,19888.322101
1838.302592,600,19930.937259
7751.190282,600,19959.386708
6488.579678,600,19987.947454
7686.352504,600,20016.449863
5848.077761,600,20079.584722
2536.624739,600,20107.991848
9028.46439,600,20136.542762
5982.062439,600,20179.440172
5965.526142,600,20208.568429
6902.084534,600,20236.95676
5775.04245,600,20300.443211
5787.546164,600,20329.047504
4860.876968,600,20357.511384
6668.510192,600,20386.057719
4991.215172,600,20428.96136
7316.604608,600,20478.229859
5607.49869,600,20506.755563
6306.520839,600,20549.568558
6203.916815,600,20578.257734
5886.551386,600,20606.57685
6468.464772,600,20655.68139
6394.373852,600,20698.393324
6766.15687,600,20726.877353
7607.493275,600,20755.232491
6458.090073,600,20797.816067
8860.462251,600,20846.851366
6875.398037,600,20875.284395
7754.947924,600,20903.76689
5433.048085,600,20946.464998
7265.781034,600,20975.014854
5337.037072,600,21024.248659
6199.759795,600,21067.009268
5824.329883,600,21095.547485
8516.305092,600,21124.016238
7972.066076,600,21166.337073
5448.179308,600,21194.838503
7028.399781,600,21244.128675
6524.842933,600,21272.518081
7574.317836,600,21315.395585
7772.832016,600,21343.72691
4142.535492,600,21372.125381
6067.024608,600,21435.411897
5511.605365,600,21463.85006
6034.678367,600,21492.175146
7709.707205,600,21520.676921
6435.134751,600,21562.605064
6500.527129,600,21610.926385
5503.854599,600,21639.003432
5656.936899,600,21681.163281
5461.10697,600,21709.68686
4848.449461,600,21738.069381
7229.316358,600,21801.286871
5215.631832,600,21829.757042
5814.056962,600,21858.101548
6326.268242,600,21886.624301
6859.173746,600,21929.569589
5990.665441,600,21978.994094
5135.982784,600,22007.462363
7973.34627,600,22050.289002
3605.028792,600,22078.842854
7203.708307,600,22107.38958
6907.030918,600,22135.834969
4413.660916,600,22199.25602
6714.700124,600,22227.737518
4433.748771,600,22256.093103
8079.899123,600,22298.975805
8684.987355,600,22327.37211
4609.578324,600,22376.626981
5496.696185,600,22419.273253
3950.759787,600,22447.75619
5685.165231,600,22476.242626
6956.378866,600,22504.845356
8247.530331,600,22568.41472
6624.068916,600,22596.901528
7005.605765,600,22625.266896
5368.854084,600,22668.108985
7052.806305,600,22696.628216
8876.971382,600,22746.056808
6912.959305,600,22774.57104
6817.40263,600,22817.434367
5248.719011,600,22846.117115
8142.528206,600,22874.618796
7451.479055,600,22917.772106
6233.822982,600,22967.066512
5856.852509,600,22995.673618
7149.426211,600,23024.382801
5310.364497,600,23067.020463
7893.534743,600,23095.458077
7389.14788,600,23144.770468
4829.592185,600,23187.509003
7233.708454,600,23215.990231
2991.753183,600,23244.12971
8066.91298,600,23285.923318
6357.717945,600,23334.325822
6964.443761,600,23362.592191
7312.683402,600,23391.29652
6521.905764,600,23433.963986
7925.79059,600,23462.517043
7881.606982,600,23511.759254
7471.620879,600,23554.653443
8325.487732,600,23583.155798
9072.212899,600,23611.674706
6105.106332,600,23640.153235
6081.845335,600,23703.367846
5725.160827,600,23731.913892
7117.171985,600,23760.336198
7222.452691,600,23802.961279
6329.663269,600,23831.513628
8233.356139,600,23860.117178
5161.417337,600,23923.769481
7478.600131,600,23952.188207
7664.82112,600,23980.674184
5848.282652,600,24009.120326
7974.578187,600,24051.818904
7736.910829,600,24101.008906
8193.696891,600,24129.486637
7280.934505,600,24172.372974
7902.663273,600,24200.885416
4124.734605,600,24229.706292
5857.137571,600,24279.10623
6951.915958,600,24321.924278
6831.050921,600,24350.456293
7106.134891,600,24378.915017
6063.854449,600,24421.784268
7041.313878,600,24471.214086
6910.551813,600,24499.7445
6583.630302,600,24528.291918
6889.148096,600,24571.220028
5396.459692,600,24599.762008
7229.401799,600,24649.045435
7095.599628,600,24691.933471
6632.68721,600,24720.447063
6313.248892,600,24748.990223
8243.516044,600,24791.558647
7263.088339,600,24820.08683
7225.29123,600,24869.395849
7131.242088,600,24898.004421
8947.044444,600,24940.595678
8232.568921,600,24968.675693
6107.725021,600,24996.747054
7383.81817,600,25058.828164
7171.022729,600,25087.420509
5990.429153,600,25115.918977
5632.563515,600,25144.44461
5681.557078,600,25187.071257
5796.139276,600,25236.182261
7978.62251,600,25264.721374
6451.450664,600,25307.221336
4921.635816,600,25335.666914
7322.529255,600,25364.168364
6852.816351,600,25427.385934
7897.042096,600,25455.892704
6408.386794,600,25484.358125
5555.423185,600,25512.932149
6048.581099,600,25555.613365
-4229.729236,600,25604.687636
7704.693815,600,25633.169472
6356.927741,600,25675.906098
6942.178407,600,25704.462945
7043.635911,600,25733.106701
6906.121236,600,25761.717309
7793.162963,600,25825.256612
6847.950309,600,25853.899811
6194.842042,600,25882.482334
5994.697133,600,25925.513576
6214.591803,600,25953.949562
6071.503808,600,26003.312197
6503.206323,600,26045.737071
5950.339874,600,26074.178053
5974.224887,600,26102.596316
6074.320024,600,26131.026972
4738.228509,600,26194.38841
6168.21684,600,26223.044188
6231.421723,600,26251.533005
6355.143235,600,26294.242227
6331.815247,600,26322.673419
6701.249423,600,26371.830428
5150.145572,600,26400.214378
7058.844641,600,26443.132432
4286.643387,600,26471.633488
7897.420421,600,26500.241102
6683.691776,600,26563.809188
7805.358113,600,26592.28334
7042.367522,600,26620.767807
6943.553313,600,26649.363677
6506.025391,600,26691.134792
6428.461993,600,26719.201378
8304.906618,600,26767.639132
6629.136555,600,26810.433049
8294.923744,600,26838.815418
7253.330261,600,26867.283969
7914.343033,600,26910.034456
7057.306999,600,26959.392832
7611.064269,600,26987.790714
4446.655726,600,27016.291134
7313.595835,600,27058.992389
6710.127212,600,27087.371544
4707.906858,600,27136.557886
6788.448022,600,27179.237818
7496.224036,600,27207.746089
6757.219867,600,27236.202318
6467.875286,600,27264.718522
6633.887297,600,27328.25131
6308.109754,600,27356.756521
6603.498228,600,27385.292116
7432.455892,600,27428.196438
8426.920615,600,27456.694084
8298.228843,600,27485.159304
6551.352263,600,27548.822209
6889.555946,600,27577.468919
6749.142967,600,27605.919977
6525.398534,600,27634.420379
4386.124166,600,27676.95173
8147.587023,600,27726.327229
4912.102266,600,27754.8949
7020.829688,600,27797.598286
7248.714521,600,27825.987838
7154.831132,600,27854.459977
5205.644252,600,27903.725493
7899.290465,600,27946.692267
5401.070092,600,27975.327779
7820.063709,600,28003.898117
7146.668753,600,28046.561699
4952.182907,600,28096.117568
6349.652355,600,28124.635038
7975.204148,600,28153.130273
6324.270993,600,28195.924142
5851.092607,600,28224.456996
7825.931145,600,28273.951173
6926.61764,600,28316.901344
7009.273069,600,28345.046004
7387.10897,600,28373.088266
8656.727188,600,28414.822263
8579.868828,600,28442.908239
7079.514147,600,28491.354375
5115.34599,600,28519.910604
7581.395411,600,28562.538121
6756.49315,600,28591.032868
6585.939429,600,28619.549791
6751.001462,600,28683.052228
5172.384435,600,28711.536901
7725.001502,600,28739.981417
6959.779279,600,28768.472123
6525.878219,600,28811.059151
7090.092602,600,28860.331387
8011.768671,600,28888.783083
7040.028414,600,28931.307602
8252.116504,600,28959.822507
5901.842232,600,28988.374886
7329.164564,600,29051.963202
8374.725819,600,29080.515142
6936.223003,600,29108.984178
6610.928707,600,29137.495111
6863.237563,600,29180.187293
7570.885817,600,29229.476086
7667.919888,600,29258.030182
7356.54379,600,29300.563108
7227.30639,600,29329.005085
7643.521888,600,29357.834178
8759.230164,600,29386.247191
8216.356443,600,29449.543812
7693.057376,600,29477.869774
8847.629554,600,29506.460008
7274.589369,600,29549.221543
6876.419358,600,29577.761059
7572.724071,600,29627.29572
7525.429503,600,29670.155292
7272.51554,600,29698.62409
8904.038185,600,29727.140723
6079.812724,600,29755.684025
6220.33628,600,29819.334654
6497.78492,600,29847.905271
6021.374977,600,29876.313806
5288.358908,600,29919.178703
6239.760305,600,29947.709636
4168.305207,600,29997.154031
7389.864835,600,30025.681846
7057.53843,600,30068.000633
7132.93127,600,30096.056237
6948.295254,600,30124.098769
7416.231615,600,30186.1938
6241.032581,600,30214.455901
9229.646805,600,30242.947835
9023.277785,600,30271.507221
6875.572531,600,30314.38689
7069.318745,600,30342.762854
7074.414134,600,30391.98556
7167.444377,600,30434.852276
3466.354875,600,30463.263899
7031.436317,600,30491.739444
6181.568412,600,30534.367821
5731.958088,600,30583.497273
6373.391802,600,30611.979403
4928.273824,600,30640.494707
7523.556543,600,30683.471291
5830.986376,600,30712.064865
6365.32523,600,30761.422315
8240.853687,600,30804.11496
7203.104945,600,30832.523404
7420.427756,600,30861.038999
7463.013833,600,30889.474089
7514.120933,600,30953.115846
7849.085652,600,30981.623131
6624.717414,600,31010.147383
2336.30183,600,31052.525817
6851.825334,600,31080.946764
5557.935237,600,31130.292609
5274.977445,600,31173.272445
7099.599376,600,31201.967556
4718.898674,600,31230.463145
8697.061742,600,31258.859362
7473.765461,600,31301.511502
7192.459581,600,31350.76702
7320.459514,600,31379.317372
7701.317877,600,31421.855358
8203.29296,600,31450.33699
8660.497368,600,31478.903239
8524.145082,600,31528.263615
5758.449547,600,31570.860332
6625.295734,600,31599.290397
7465.444538,600,31627.794415
6836.790239,600,31670.403764
7629.428436,600,31719.582789
7884.751643,600,31748.006523
7712.735612,600,31789.780366
6527.269894,600,31817.875644
6642.114667,600,31845.996166
8247.991279,600,31894.428574
6540.385481,600,31937.506913
8086.730876,600,31966.01946
6854.221088,600,31994.545811
8067.67806,600,32037.662937
7111.662361,600,32066.105422
6755.020641,600,32115.400169
7882.683337,600,32143.839891
5539.252821,600,32186.374104
6034.812192,600,32214.651018
6707.731301,600,32242.952579
7635.861034,600,32306.667982
6077.344384,600,32335.134064
5636.508958,600,32363.664814
6563.553165,600,32392.148898
8883.979686,600,32434.827028
7890.728833,600,32483.903204
7870.039559,600,32512.449179
6698.927712,600,32555.388861
6506.714018,600,32583.991097
8259.91619,600,32612.395349
7213.345342,600,32676.065275
7345.175562,600,32704.697722
7724.402045,600,32733.320008
7728.588751,600,32761.946811
7844.568051,600,32804.830137
9326.271741,600,32854.005442
7890.982954,600,32882.499485
6821.15704,600,32925.135143
8017.868571,600,32953.615762
7088.518471,600,32982.109765
6764.398667,600,33010.499273
7161.333058,600,33073.80029
7826.127225,600,33102.263991
7425.935188,600,33130.767834
9452.667753,600,33173.483323
7749.92355,600,33201.959964
5460.251055,600,33250.958075
10208.320065,600,33293.437661
8646.811656,600,33321.939235
8094.411576,600,33350.443109
7834.392325,600,33379.023259
3812.018849,600,33442.458201
8164.295605,600,33470.962075
877.271272,600,33499.574864
6803.147251,600,33542.000187
7847.591774,600,33570.103734
7582.398495,600,33618.472609
8062.235913,600,33646.550803
7342.784169,600,33688.568947
8268.935254,600,33717.113386
7996.425613,600,33745.550836
7158.499228,600,33809.345878
8163.031699,600,33837.917225
6449.289675,600,33866.468876
7924.257188,600,33895.053386
7226.427729,600,33937.707421
7270.795234,600,33966.216246
6527.847404,600,34015.447681
6294.717744,600,34058.359298
7508.805827,600,34086.736731
6794.504644,600,34115.289231
7534.119502,600,34157.845469
8297.310645,600,34207.269658
8363.136664,600,34235.871661
7927.227902,600,34264.313919
6550.971146,600,34306.983051
7628.971582,600,34335.475351
4222.31485,600,34384.76419
8728.153191,600,34427.371313
4959.394864,600,34455.913098
5138.578874,600,34484.345469
6908.455471,600,34512.865412
7104.477806,600,34576.29359
6442.864471,600,34604.689113
7891.70087,600,34633.145123
9355.686249,600,34676.179598
6563.140709,600,34704.649223
-1454.032541,600,34754.159131
8822.299789,600,34796.712955
8494.894083,600,34825.010071
8033.415849,600,34853.473755
6866.086872,600,34881.984091
8798.924987,600,34924.732497
9341.530486,600,34974.100253
7531.715768,600,35002.60066
6252.683396,600,35045.545434
8372.712251,600,35074.028435
6826.656711,600,35102.864243
6419.158763,600,35152.2354
7878.740883,600,35195.308319
8052.820573,600,35223.905393
6220.040511,600,35252.369008
-169.369518,600,35294.215718
6537.561083,600,35342.621274
6991.028615,600,35370.733184
6562.049752,600,35412.647009
7270.371805,600,35440.947002
8305.202021,600,35469.496191
7408.196271,600,35518.647661
6385.525738,600,35561.4234
8390.962228,600,35589.996059
6764.448349,600,35618.513163
5512.686845,600,35661.194972
6699.489117,600,35710.451866
7414.368312,600,35738.993439
7670.488618,600,35767.552279
7616.15407,600,35810.15299
7972.417663,600,35838.75089
7297.346493,600,35867.333657
7250.968446,600,35931.260023
8482.957129,600,35959.836073
7817.120811,600,35988.29973
3078.583082,600,36016.819126
7640.247972,600,36059.555305
5059.345514,600,36108.707198
8094.363112,600,36137.091455
7686.607387,600,36179.893518
6334.537098,600,36208.393943
7269.137201,600,36236.993463
7401.742545,600,36300.478953
8621.528894,600,36329.023021
8785.468229,600,36357.457942
8016.744056,600,36386.14565
8220.426903,600,36429.083506
5828.736062,600,36478.379286
7916.21688,600,36506.914164
7448.79856,600,36549.888792
8089.488993,600,36578.473804
6915.744619,600,36606.923167
8040.437432,600,36635.30131
6785.006375,600,36698.791572
7077.163338,600,36727.140484
6969.43554,600,36755.59218
6661.799206,600,36798.22031
6189.370773,600,36826.790199
7937.113975,600,36876.227013
6541.074002,600,36918.858021
8974.291366,600,36947.259639
6338.820548,600,36975.826663
7242.494026,600,37004.398649
6764.764662,600,37066.591571
5335.599406,600,37094.670573
7474.503982,600,37122.799347
7470.8815,600,37164.658107
7980.435428,600,37192.800331
6554.472567,600,37242.657093
9002.623494,600,37271.237937
7426.754663,600,37313.986665
8188.724663,600,37342.548846
6709.892576,600,37371.164912
7816.808986,600,37434.394104
6617.79757,600,37462.820822
7676.454442,600,37491.390763
6752.988663,600,37519.878099
5153.565063,600,37562.296064
7435.553068,600,37590.811641
7792.097892,600,37640.064171
8924.995587,600,37682.955862
5609.653915,600,37711.482541
7246.055308,600,37740.058537
6686.374545,600,37782.978297
7845.36559,600,37832.219241
7550.091703,600,37860.763938
8415.643098,600,37889.238779
7012.078491,600,37931.931032
7033.518837,600,37960.401963
7757.729894,600,38009.699901
6618.256436,600,38052.388046
7242.407926,600,38080.902817
8061.836645,600,38109.382134
6320.998638,600,38137.94265
6929.912944,600,38201.327246
6787.657031,600,38229.68249
8621.685943,600,38258.200983
6635.386173,600,38301.069792
8373.040906,600,38329.525362
7103.305949,600,38378.576519
7056.979084,600,38421.514704
4471.180555,600,38449.954544
6750.372555,600,38478.618977
7299.525218,600,38507.184792
6721.39631,600,38549.622516
5838.336248,600,38598.800762
8474.996054,600,38627.351277
6392.904721,600,38669.952033
7176.610672,600,38698.451802
8818.27298,600,38726.981087
7724.170435,600,38775.962824
6186.357591,600,38817.787979
7486.375485,600,38845.900882
7692.368124,600,38873.98755
7880.25338,600,38916.619733
8220.853021,600,38965.685719
7197.809712,600,38994.118477
8027.386196,600,39036.866503
6226.510432,600,39065.205979
7610.397009,600,39093.761904
8399.715433,600,39143.042001
9128.192381,600,39185.579368
6820.381577,600,39214.284569
7759.028227,600,39242.907634
6546.340841,600,39285.813518
7264.900058,600,39335.122374
7441.906529,600,39363.658209
6570.211269,600,39392.125069
7977.593705,600,39434.949948
7040.337378,600,39463.427232
8439.381389,600,39491.939148
6222.067833,600,39555.52623
8114.430239,600,39583.92467
8386.755505,600,39612.543051
7231.577688,600,39641.136051
7219.828274,600,39683.873671
8476.37519,600,39733.002856
6871.506864,600,39761.474617
7369.853769,600,39804.189872
6850.43055,600,39832.709214
8605.085155,600,39861.368315
6481.303167,600,39924.645671
7173.108239,600,39953.297909
7248.137893,600,39981.855876
7932.124596,600,40010.278127
7383.378886,600,40052.793117
7514.249989,600,40102.205698
8397.246562,600,40130.732074
8107.608544,600,40173.695773
6905.705063,600,40202.130491
6911.470703,600,40230.58145
6697.447176,600,40279.666484
8310.731724,600,40322.197101
8346.933323,600,40350.660201
5467.212097,600,40379.179558
8125.813779,600,40421.796283
7845.079266,600,40449.869891
7907.902676,600,40498.236676
7170.633353,600,40540.133418
7245.292626,600,40568.666596
5585.572381,600,40597.1754
7306.802902,600,40625.65464
8255.509215,600,40688.899888
7638.91735,600,40717.290335
8121.414112,600,40745.708799
8500.495607,600,40788.454178
6868.969157,600,40816.908628
7342.813236,600,40866.358132
6464.700593,600,40894.908084
6053.901929,600,40937.801399
7186.872924,600,40966.36561
5391.431637,600,40995.030196
6230.088404,600,41058.604052
6809.253154,600,41087.087209
6771.261793,600,41115.67218
7623.554061,600,41158.598677
6282.869829,600,41187.143545
7476.243446,600,41215.621821
7361.975507,600,41264.973557
6253.281654,600,41307.94573
7218.083518,600,41336.416375
9244.528955,600,41364.946836
7551.79805,600,41407.75464
7081.22198,600,41456.968837
7433.171669,600,41485.575729
7800.358707,600,41514.215367
8113.658254,600,41557.152761
9036.351107,600,41585.659109
5852.386098,600,41634.983675
6307.774682,600,41677.733087
8187.569582,600,41706.228554
6599.947738,600,41734.577058
7139.787492,600,41763.083898
7807.736105,600,41826.136783
7665.144293,600,41854.61129
4687.579263,600,41883.118545
6712.969299,600,41925.904674
7793.906031,600,41954.429577
7071.184919,600,42004.001577
6919.827332,600,42046.89436
8529.963111,600,42075.111854
7053.692391,600,42103.195702
6921.621059,600,42131.251967
6949.963883,600,42173.030857
7308.129773,600,42221.52711
7650.158197,600,42250.029417
8125.212284,600,42292.975021
6488.707911,600,42321.522547
6613.473375,600,42350.014121
6746.914946,600,42399.294709
7488.97045,600,42441.959547
7854.98022,600,42470.442336
6546.791485,600,42498.710549
8312.091754,600,42541.280687
7226.339845,600,42590.403432
6968.023064,600,42618.850942
7170.06091,600,42661.518011
7705.259121,600,42690.017163
7460.009476,600,42718.447165
5058.886349,600,42767.574863
8305.785143,600,42810.192101
7668.426654,600,42838.6451
8994.343352,600,42867.055577
7061.004521,600,42909.882366
8541.690523,600,42958.974584
8056.450574,600,42987.537554
6534.577118,600,43016.152473
8727.948811,600,43059.032074
5091.502412,600,43087.504814
7635.168308,600,43116.178503
7035.031395,600,43179.661692
8374.229893,600,43208.220936
10443.023557,600,43236.718276
8767.900007,600,43265.293426
7521.598794,600,43307.887598
7479.818198,600,43356.992694
8244.295035,600,43385.368553
7560.572629,600,43428.517432
6604.294143,600,43457.112436
8332.05116,600,43485.695938
5784.012247,600,43549.062267
6242.97759,600,43577.607651
7069.91655,600,43606.088266
7529.91704,600,43634.628661
7585.514175,600,43677.592715
7881.496749,600,43726.899126
8269.974859,600,43755.463979
5998.91682,600,43797.642405
7558.744378,600,43825.716233
6303.967868,600,43853.809076
7766.957381,600,43902.219404
7601.203446,600,43945.272737
6604.325043,600,43973.791655
5610.476997,600,44002.209484
7607.063399,600,44045.148654
6736.080869,600,44073.656767
2957.271167,600,44122.845256
9114.402143,600,44165.78921
6876.561588,600,44194.353306
7559.588351,600,44222.868351
6123.100306,600,44251.393352
7233.340068,600,44314.984812
7944.06569,600,44343.616506
7393.059312,600,44372.132376
6870.874958,600,44414.524042
9062.456229,600,44442.99508
8591.718793,600,44492.248808
5832.012314,600,44520.80968
8649.143257,600,44563.881161
7197.885748,600,44592.383563
6690.348432,600,44621.051984
8211.205114,600,44685.314858
7418.153749,600,44714.042835
6995.035526,600,44742.449677
7033.955564,600,44785.646985
8158.849392,600,44814.146103
7636.310826,600,44863.218218
6353.384918,600,44891.651737
8588.777565,600,44934.542397
7897.710421,600,44963.034017
7943.02068,600,44991.6229
6907.934475,600,45034.248051
7365.746119,600,45083.531024
7882.288004,600,45112.084904
7954.205153,600,45140.530771
7602.767728,600,45183.429122
7569.16138,600,45211.960995
7388.608289,600,45261.244841
6317.159227,600,45304.214795
6040.944077,600,45332.667677
8648.033995,600,45361.269146
8662.860396,600,45389.66836
6757.624017,600,45453.17076
8516.405379,600,45481.772644
6985.075526,600,45510.191275
8314.690599,600,45552.02532
8955.167487,600,45580.056111
7450.392747,600,45628.369996
8177.661131,600,45670.368051
7044.440147,600,45698.882793
8440.143522,600,45727.318374
7912.105456,600,45755.78819
9288.529988,600,45798.706492
7130.975677,600,45848.387825
8114.157329,600,45876.877152
5924.972595,600,45919.539258
7060.046737,600,45948.048408
6424.846043,600,45976.616506
7677.345407,600,46025.946324
7590.034673,600,46068.815723
7424.166446,600,46097.255105
7971.673235,600,46125.776391
7478.488228,600,46168.458843
8948.256786,600,46217.548527
8144.683575,600,46246.233002
7757.961712,600,46289.059418
6360.853841,600,46317.55756
6350.784725,600,46346.098538
8739.279478,600,46395.614654
7511.132275,600,46438.604872
7415.954019,600,46467.152789
6646.55401,600,46495.725723
7086.625543,600,46538.847392
7394.190335,600,46588.311307
7795.455928,600,46617.000718
7862.414431,600,46645.690468
6888.88124,600,46688.753388
6123.219999,600,46717.373498
8710.209518,600,46745.906973
8018.109359,600,46809.75342
8081.287519,600,46838.501085
7269.514929,600,46867.091395
8984.96459,600,46895.663088
7222.152349,600,46939.012973
7579.440578,600,46988.28257
7424.046193,600,47016.807796
8656.510256,600,47059.291571
6670.57459,600,47087.759519
8423.370149,600,47116.198858
6628.912271,600,47179.564154
7864.201366,600,47208.174083
10785.761074,600,47236.68243
9244.864869,600,47265.354202
7277.156779,600,47308.506112
8106.777947,600,47357.126875
8257.561846,600,47385.188765
7588.96945,600,47427.120246
8509.362416,600,47455.489614
4786.744376,600,47483.986092
6818.007541,600,47533.255961
7796.174553,600,47576.130816
7543.849181,600,47604.648163
8187.174721,600,47633.184261
7649.967282,600,47675.923101
8274.564204,600,47704.423793
7486.694975,600,47753.677396
8088.632425,600,47796.548906
-14154.449516,600,47825.128862
7080.342977,600,47853.703885
7605.460238,600,47882.244961
7234.295902,600,47945.679594
7137.784018,600,47974.300604
6012.721234,600,48002.797437
5487.931419,600,48045.700592
7252.437135,600,48074.283896
7871.261457,600,48123.595441
7612.148259,600,48152.139975
6303.387987,600,48195.021057
8526.927828,600,48223.636895
7794.267704,600,48252.112602
8940.666779,600,48315.555469
6704.144239,600,48344.128767
8226.131362,600,48372.86145
7026.996864,600,48415.838774
7546.070471,600,48444.478143
7530.626485,600,48493.952462
7800.674709,600,48522.460975
6156.701571,600,48565.762292
7475.670636,600,48594.428808
6689.9623,600,48622.989844
9373.857026,600,48665.865046
8203.146731,600,48715.022771
6888.401899,600,48743.492915
8152.748924,600,48771.951331
6778.334803,600,48814.58108
6191.501638,600,48843.031832
9533.064986,600,48892.594138
8126.980526,600,48935.373509
8419.122472,600,48963.916947
7229.433099,600,48992.352535
6529.080537,600,49020.84984
9018.471776,600,49084.500479
7582.794535,600,49113.103048
8206.682083,600,49141.335068
7570.788765,600,49183.263232
8501.68607,600,49211.422775
4987.334607,600,49260.641088
7189.06113,600,49303.249068
7371.967428,600,49331.917257
7891.43138,600,49360.564357
7492.613112,600,49389.274531
8087.122114,600,49453.453448
7385.534079,600,49481.91414
8506.173077,600,49510.51029
8056.336655,600,49553.540333
7436.298231,600,49582.161788
7452.037045,600,49610.617332
6793.594021,600,49659.787072
7424.034919,600,49702.904042
8748.741756,600,49731.380669
7872.242565,600,49759.962568
7394.496928,600,49802.879035
8611.51752,600,49852.570895
7190.236659,600,49881.181166
8198.10369,600,49924.103509
7912.571705,600,49952.829262
6959.958193,600,49981.399915
8191.703395,600,50030.56611
7049.838472,600,50073.713837
9087.614283,600,50102.327545
6832.805173,600,50130.956974
6957.678013,600,50173.718568
7774.224542,600,50223.064239
9219.933845,600,50251.715516
6579.667484,600,50280.413924
6679.013406,600,50323.100986
6282.182691,600,50351.502996
7967.691495,600,50380.002708
7217.033579,600,50443.718033
8452.949926,600,50472.176163
6093.42605,600,50500.80532
6657.669709,600,50543.90366
7446.633501,600,50572.557564
8388.950211,600,50622.212192
7019.146546,600,50650.826033
7776.761916,600,50693.649842
8553.745423,600,50722.27637
7152.513986,600,50750.95437
7569.121944,600,50814.836893
8082.476955,600,50843.158804
6884.041372,600,50871.286396
8552.826838,600,50899.420213
7663.09807,600,50941.310194
7066.698714,600,50990.055153
7201.738768,600,51018.508392
6894.158587,600,51060.916378
5927.274999,600,51089.45608
8615.176955,600,51117.981246
6859.478559,600,51167.294908
7251.18925,600,51210.102472
7881.401521,600,51238.707469
6021.629423,600,51267.407316
7174.177622,600,51310.635579
5405.653959,600,51339.280727
8689.128605,600,51388.802847
6892.126402,600,51431.897249
10578.435428,600,51460.539153
5060.711968,600,51489.160667
6948.497314,600,51517.85441
6005.274944,600,51581.606972
7447.534705,600,51610.323168
7791.293286,600,51639.319409
6900.40783,600,51682.552482
7761.081208,600,51711.219786
8168.19729,600,51760.580676
7814.207308,600,51789.229142
7448.159262,600,51832.229951
9200.219413,600,51860.877484
7795.7001,600,51889.465708
9204.990033,600,51953.614512
8523.359405,600,51982.039101
7591.280278,600,52010.680488
8977.303324,600,52053.732533
8980.331776,600,52082.289149
8349.336399,600,52131.752672
7390.584943,600,52160.244783
6774.624382,600,52203.032677
5276.459654,600,52231.628559
8183.761869,600,52260.27772
9054.75948,600,52303.632373
9000.929402,600,52353.293078
7950.727952,600,52381.907877
7734.689605,600,52410.615478
7591.054348,600,52453.686696
6705.034145,600,52482.383807
8699.072688,600,52531.820869
7961.668441,600,52574.868037
7987.32675,600,52603.363349
8774.009786,600,52631.500094
8382.029688,600,52659.641027
7243.215268,600,52721.940919
8850.940996,600,52750.428544
6516.386321,600,52778.976626
7147.772886,600,52822.214556
7216.505058,600,52850.823289
8663.48531,600,52900.167459
6525.6166,600,52942.843041
8269.694021,600,52971.386547
5747.993084,600,53000.166441
7678.553729,600,53028.772397
9242.365836,600,53092.908459
7841.320343,600,53121.623784
7042.360978,600,53150.192132
8975.681782,600,53193.153437
8090.707646,600,53221.740157
7898.438052,600,53250.223059
7234.458361,600,53299.653871
6602.166046,600,53342.59932
7469.89401,600,53371.260494
7770.590766,600,53399.971667
7859.229454,600,53443.296842
7122.148559,600,53492.814954
7295.426001,600,53521.369652
8715.463805,600,53564.611335
7344.7477,600,53593.152442
7784.20776,600,53621.74735
7997.285665,600,53671.194103
7528.623645,600,53714.257092
7344.65807,600,53742.760441
7522.582583,600,53771.406945
6438.303,600,53814.550541
7725.795284,600,53863.967796
5732.768118,600,53892.625031
6401.40014,600,53921.192774
7661.582519,600,53964.142427
7869.153943,600,53992.772921
8856.749531,600,54042.33146
6912.003002,600,54085.284781
7641.737084,600,54113.816364
8583.940432,600,54142.510453
5047.814668,600,54185.182176
8231.987046,600,54213.689726
7297.280161,600,54263.196358
6883.350004,600,54291.693611
6825.610114,600,54334.549643
8098.28291,600,54362.968906
8881.107006,600,54391.10508
7873.709819,600,54453.291335
8337.481814,600,54481.455985
8786.21094,600,54509.593703
7523.383913,600,54537.796319
6987.101482,600,54580.994852
6535.112429,600,54630.647425
8261.655506,600,54659.276064
6515.018652,600,54702.323256
8061.828092,600,54731.020544
8229.960925,600,54759.599302
7582.633628,600,54808.992363
6060.327005,600,54851.967776
8345.382453,600,54880.600838
8192.379404,600,54909.308683
7160.633221,600,54952.053
7784.62981,600,54980.641127
7500.748166,600,55029.943566
6157.16892,600,55073.107227
8502.432883,600,55101.571544
8132.139423,600,55130.152961
8494.987611,600,55158.774017
7189.005174,600,55222.477529
6899.707601,600,55251.088818
7370.541229,600,55279.534323
7678.385727,600,55322.409265
9040.81846,600,55350.894819
7017.078189,600,55400.569281
6745.84063,600,55429.03877
5725.84887,600,55472.058337
7296.593986,600,55500.597975
7523.93518,600,55529.296212
7350.775789,600,55592.754149
8125.865604,600,55621.334684
6747.170175,600,55649.965878
2107.058923,600,55692.932527
7972.0444,600,55721.429098
7160.432578,600,55770.867935
7253.686046,600,55799.445671
6816.681393,600,55842.396066
6745.705498,600,55870.971722
6445.098701,600,55899.807652
8123.242595,600,55942.852162
7321.364913,600,55992.382509
7779.533847,600,56020.974308
7979.326749,600,56049.589102
8847.910534,600,56092.837593
6377.944198,600,56121.132656
5683.517476,600,56169.623994
8558.669562,600,56211.553258
6599.299475,600,56239.746195
7720.476909,600,56268.079025
5898.823272,600,56296.839007
7505.045934,600,56360.59882
9451.179326,600,56389.217508
6747.067539,600,56417.694583
7571.990015,600,56460.810067
9191.972473,600,56489.31553
7351.988867,600,56538.758988
7637.124757,600,56581.202931
9053.465757,600,56609.88106
7298.828652,600,56638.472374
4202.865998,600,56667.04638
7621.555588,600,56731.043138
6046.239784,600,56759.536363
5405.611673,600,56788.002267
7855.84431,600,56830.740233
8618.295773,600,56859.372061
7982.790464,600,56887.986488
7198.730303,600,56937.221556
8794.065998,600,56979.979768
7815.690128,600,57008.68396
7605.396856,600,57037.20346
7036.339813,600,57079.875787
7034.417898,600,57129.000112
7940.576078,600,57157.52611
8887.462233,600,57200.586637
6852.085264,600,57229.169924
8083.295069,600,57257.62885
8623.789231,600,57307.104983
9338.426711,600,57350.054389
7532.305241,600,57378.625063
7456.339733,600,57407.265774
8693.29362,600,57450.361906
6902.06431,600,57499.777258
8929.481256,600,57528.507847
7188.079599,600,57557.2093
7812.108366,600,57599.969463
5834.172975,600,57628.717826
7251.910012,600,57678.285851
8172.888444,600,57721.162571
7050.186748,600,57749.728413
7277.447697,600,57778.172341
8612.682776,600,57821.179161
7861.782432,600,57849.739764
9327.610519,600,57899.108839
990.32193,600,57927.85722
6919.14992,600,57969.953727
7406.450099,600,57998.137505
6809.035565,600,58026.358553
7288.996788,600,58089.798331
9000.023238,600,58118.435499
7278.945999,600,58147.052352
7754.86284,600,58175.682475
7353.223629,600,58218.873165
7131.815017,600,58268.237438
9026.202744,600,58296.882886
6870.079608,600,58339.822144
8010.288107,600,58368.518509
8907.284455,600,58397.178509
7397.52258,600,58446.493262
9265.85709,600,58489.47253
7419.415496,600,58518.091253
7170.344161,600,58546.911853
7000.752504,600,58589.982941
9386.802976,600,58639.641654
7891.59559,600,58668.329146
7903.400943,600,58711.574095
6874.891894,600,58740.244365
6411.339155,600,58769.143547
8371.550482,600,58797.833827
7606.720402,600,58862.137822
6969.013575,600,58890.74217
8478.049856,600,58919.326559
8281.707515,600,58962.194087
6451.782353,600,58991.010144
9036.038817,600,59040.509453
8765.293101,600,59069.312328
8566.480898,600,59112.455422
6995.893423,600,59141.29241
7516.306581,600,59169.972296
6338.800654,600,59234.500469
6071.208269,600,59263.165915
7119.366172,600,59291.783828
8430.379597,600,59334.776769
8432.919225,600,59363.378698
7453.553008,600,59412.832726
7684.627188,600,59441.582157
6864.90838,600,59484.596686
7261.709379,600,59513.201992
8116.737436,600,59541.869025
9339.414235,600,59585.237311
8552.600929,600,59635.104596
8914.421799,600,59663.730195
5390.320029,600,59692.316639
8823.637217,600,59734.380663
7027.876329,600,59762.526461
7788.803859,600,59811.114221
8527.81457,600,59854.171088
6966.222043,600,59882.698567
6045.803479,600,59911.411767
7480.564256,600,59954.686526
8030.000821,600,60004.229689
7757.336347,600,60032.78586
6282.010116,600,60061.355224
7101.821921,600,60104.544178
6801.519851,600,60133.293305
9248.350635,600,60182.913411
6741.567105,600,60226.071904
8659.020534,600,60254.764452
9142.778836,600,60283.641036
7077.156473,600,60312.353765
3679.329533,600,60376.224968
9250.354418,600,60404.845426
7787.640427,600,60433.409616
7205.469533,600,60476.22553
9582.121538,600,60504.982342
6188.448228,600,60533.669002
9761.219823,600,60583.147231
6093.292132,600,60626.225934
7793.306243,600,60654.814512
9861.26662,600,60683.462983
8339.106359,600,60726.677463
8044.243033,600,60776.302495
8852.676236,600,60804.970572
8936.57335,600,60848.280069
9042.384466,600,60876.787414
7097.269919,600,60905.414131
6529.734322,600,60954.876619
7821.892215,600,60998.023717
7736.24308,600,61026.765103
5996.084911,600,61055.679952
7233.665406,600,61098.71094
7688.99694,600,61148.20664
6484.861639,600,61176.781403
7578.528971,600,61205.554431
9601.085465,600,61249.318967
6424.676436,600,61277.957773
7039.145027,600,61327.592298
9067.60523,600,61370.362525
7332.179808,600,61399.144194
6967.10599,600,61427.902311
8008.164205,600,61470.101985
8975.735342,600,61498.40927
8060.777807,600,61546.937864
7587.293852,600,61575.157167
10192.314072,600,61617.945618
8550.749937,600,61646.593426
7843.414804,600,61675.24333
7521.410058,600,61739.291011
8546.963102,600,61767.827973
7210.958489,600,61796.412409
7751.225552,600,61824.98302
6335.37378,600,61868.161307
7572.637019,600,61917.605289
7000.312991,600,61946.340513
461.381289,600,61989.387546
8067.017666,600,62018.13341
8299.670374,600,62046.830538
2825.626165,600,62096.500585
7252.155006,600,62139.871198
7808.85319,600,62168.487629
7739.322419,600,62197.278029
5300.238847,600,62240.834359
7883.936505,600,62290.513494
7685.778282,600,62319.133713
6857.995053,600,62362.169298
7903.0764,600,62390.933413
7389.98778,600,62419.57485
8171.977293,600,62448.670311
6747.932527,600,62510.935152
8134.762317,600,62539.20666
8028.214651,600,62567.476048
7486.372537,600,62609.474365
7979.904614,600,62637.704509
6423.066009,600,62686.206869
8889.465145,600,62714.431146
7634.798326,600,62756.382634
7417.370942,600,62784.548403
7789.500137,600,62812.74423
7753.495529,600,62874.947238
6884.218535,600,62903.027867
7804.521476,600,62931.231463
6707.748924,600,62973.664138
6690.707335,600,63002.139476
7497.981756,600,63051.177982
7075.046342,600,63079.637858
7779.502531,600,63122.177594
7881.046072,600,63150.64082
7967.271895,600,63179.583423
7081.482796,600,63242.73703
6605.496872,600,63271.200876
6299.320464,600,63299.703561
7786.714416,600,63328.293723
8505.334482,600,63371.180253
6447.817342,600,63399.84482
6983.417766,600,63449.281999
6656.3119,600,63492.142584
7549.119382,600,63520.853248
7830.347518,600,63549.491849
7019.161765,600,63592.232601
9783.589253,600,63641.607661
8504.837235,600,63670.069711
8907.321294,600,63698.426368
8017.510863,600,63741.097188
8130.363911,600,63769.509502
7701.797602,600,63818.674657
7991.531838,600,63861.277278
8215.160252,600,63889.753305
7726.661554,600,63918.234229
8543.679307,600,63946.741022
7810.287836,600,64010.032306
8443.818813,600,64038.583049
9033.825493,600,64067.135139
8098.980683,600,64109.823174
7330.537418,600,64138.363465
7565.804485,600,64166.980043
7018.561987,600,64216.188642
7910.789203,600,64258.864174
8386.747192,600,64287.376489
7533.95499,600,64315.857115
8474.384195,600,64358.44726
8611.299426,600,64407.705693
8203.669955,600,64436.14547
7627.472883,600,64478.619621
7919.59446,600,64507.129133
9392.569556,600,64535.629711
8514.111643,600,64584.886096
7583.527042,600,64627.57848
6602.996832,600,64656.073698
10194.645428,600,64684.626611
8650.063679,600,64727.42531
7695.281998,600,64776.563971
7266.159468,600,64805.042444
8137.934718,600,64833.495039
8288.776982,600,64876.108253
8004.401347,600,64904.587834
6724.856773,600,64953.715628
7014.741837,600,64996.396164
7920.711167,600,65024.862526
7736.851412,600,65053.376204
8697.547099,600,65095.999653
6662.401804,600,65124.523583
6793.607867,600,65173.646728
6879.185604,600,65202.120364
7131.932139,600,65244.75964
7906.075037,600,65273.158261
7784.074391,600,65301.553359
8119.510353,600,65365.334681
6770.538403,600,65393.836157
7088.560255,600,65422.3012
8686.319028,600,65450.809301
7146.531915,600,65493.502452
6920.58842,600,65542.654872
8484.792028,600,65571.158733
7830.615865,600,65613.792154
7773.627105,600,65642.30565
8139.251077,600,65670.827821
7753.665546,600,65720.132821
6327.715247,600,65762.82559
-1137.880913,600,65791.357899
7326.975456,600,65819.862941
7024.601846,600,65862.624908
8198.206161,600,65911.846656
8315.694895,600,65940.312947
7593.285969,600,65982.986192
6721.475149,600,66011.444929
7135.528688,600,66039.731646
7367.264057,600,66068.205585
6409.103772,600,66131.354088
8039.549331,600,66159.812771
6218.09011,600,66188.302134
1166.128574,600,66230.935204
7478.594498,600,66259.396483
6536.609751,600,66308.564686
4502.339516,600,66337.083476
7986.921098,600,66379.678096
8587.686338,600,66408.17166
7734.973821,600,66436.668275
7428.810834,600,66499.9207
8391.009293,600,66528.285405
6803.02054,600,66556.69971
8797.375186,600,66599.290505
6709.291169,600,66627.727343
7031.484392,600,66676.842295
6583.992914,600,66705.314568
7554.06536,600,66747.602301
8860.03394,600,66776.00884
4438.474524,600,66804.464713
8691.483249,600,66867.836932
8813.972905,600,66896.285685
7861.849842,600,66924.732086
8846.426984,600,66953.183639
7886.229972,600,66995.920568
8709.221719,600,67024.372757
7249.102075,600,67073.513008
6627.525321,600,67116.15079
7941.246631,600,67144.555257
8122.868945,600,67172.991786
7929.035166,600,67215.625166
7238.744427,600,67264.733649
6496.915055,600,67293.19107
5535.029433,600,67321.626017
8078.457558,600,67364.229257
6215.641628,600,67392.699009
7911.90596,600,67441.647778
7937.706302,600,67484.286519
8051.607064,600,67512.731053
8312.403509,600,67541.189813
9642.814207,600,67569.67119
8218.112341,600,67632.944144
7149.671091,600,67661.378881
7547.108802,600,67689.831822
8517.028511,600,67732.529266
7682.459947,600,67760.958342
8498.364275,600,67810.113543
7647.656144,600,67838.519726
7163.071002,600,67881.158309
7961.28458,600,67909.565265
7750.141421,600,67937.995626
8830.97715,600,67980.580025
6892.850305,600,68029.636622
6675.774319,600,68058.044667
8092.492619,600,68101.039695
6784.087461,600,68129.470798
5448.716117,600,68157.851487
7999.34391,600,68206.733465
6045.284762,600,68249.282213
7055.721825,600,68277.764975
6608.294475,600,68306.248996
6706.565827,600,68348.863573
7631.316859,600,68398.026963
6336.749289,600,68426.729965
7709.232602,600,68455.203927
9125.272411,600,68497.812467
6448.581134,600,68526.299702
3360.910648,600,68575.280337
9700.888866,600,68617.778554
7702.133621,600,68646.241364
7273.818547,600,68674.683036
10190.976794,600,68717.269816
7884.882932,600,68745.719386
8629.909313,600,68794.723257
7541.098131,600,68823.147104
9128.410229,600,68865.693201
8608.00089,600,68894.050655
7586.573777,600,68922.401394
7623.050449,600,68985.420142
6293.227305,600,69013.857822
7465.964553,600,69042.315922
5649.56994,600,69070.758055
7761.857419,600,69113.305861
6794.171831,600,69162.309278
8689.126851,600,69190.695368
8443.643418,600,69233.282182
6994.198807,600,69261.736667
5987.181423,600,69290.185522
8211.703648,600,69353.423284
7628.031309,600,69381.829368
8703.278647,600,69410.276245
8183.211898,600,69438.709214
7681.430302,600,69481.164232
8086.129794,600,69530.152122
8072.368567,600,69558.57648
7738.706489,600,69601.182953
8668.287069,600,69629.610924
6345.020164,600,69658.002626
7948.468943,600,69686.451371
9500.783502,600,69749.626397
7040.020964,600,69778.069445
8953.230368,600,69806.516623
7802.349467,600,69849.075234
7236.168219,600,69877.544955
8146.1043,600,69926.535725
6630.178942,600,69955.011369
7869.260053,600,69997.490255
9410.530775,600,70025.913212
8008.95446,600,70054.354938
4017.130842,600,70117.452324
8975.879765,600,70145.900945
7211.258859,600,70174.369421
7656.519857,600,70216.878558
7672.409822,600,70245.379923
4464.610306,600,70294.662122
1160.239158,600,70323.193424
7853.764875,600,70365.829886
8046.290797,600,70394.307521
6278.264761,600,70422.771278
8117.884169,600,70485.674479
6979.392775,600,70514.121722
7683.338377,600,70542.518903
8523.297132,600,70570.942821
8213.766439,600,70613.41204
8433.908296,600,70641.862353
5158.034735,600,70690.968659
8507.09427,600,70733.555573
7864.067186,600,70762.079508
7196.271324,600,70790.601891
6606.33254,600,70833.378425
7813.023325,600,70882.482778
7736.830583,600,70910.920907
9423.662446,600,70939.373229
7613.620488,600,70981.915428
7550.762123,600,71010.347454
6678.788331,600,71059.472846
9252.376358,600,71102.030645
7205.057517,600,71130.526552
6603.190967,600,71158.973606
6505.341975,600,71187.411415
7281.203244,600,71250.579306
7975.747132,600,71278.997658
7414.136543,600,71307.373317
7597.147568,600,71349.832455
8072.750637,600,71378.288942
7793.473684,600,71427.434011
7345.02169,600,71455.867355
7619.582693,600,71498.371417
7731.078445,600,71526.841093
8872.317379,600,71555.305874
7388.153324,600,71597.982617
8373.24295,600,71647.103696
8314.634318,600,71675.562476
6686.20724,600,71718.131101
7294.5203,600,71746.564339
8454.649166,600,71774.982846
6199.696284,600,71824.014228
5800.331451,600,71866.62577
7280.481842,600,71895.076231
7444.35154,600,71923.843566
7517.170636,600,71966.603471
7716.278554,600,72015.810461
7790.27004,600,72044.250663
8668.48291,600,72072.713323
7225.108385,600,72114.995865
7022.599505,600,72143.43982
6964.656593,600,72192.578479
6286.20796,600,72235.244688
6468.168828,600,72263.721938
7647.04777,600,72292.243297
-1372.875294,600,72334.852184
8682.468943,600,72383.943991
6791.170545,600,72412.40534
7652.322683,600,72440.867303
7133.117623,600,72483.399679
902.80434,600,72511.834423
-35287.286777,600,72540.262162
6750.68835,600,72603.354886
6749.798442,600,72631.778423
6736.007305,600,72660.193697
8573.114036,600,72688.616926
7784.22437,600,72731.157794
8820.512719,600,72780.278143
7078.998053,600,72808.70547
6458.927318,600,72851.21467
7426.91745,600,72879.611358
8160.655996,600,72908.044348
9016.626952,600,72971.223293
8011.059655,600,72999.660365
8076.744744,600,73028.125102
8338.746809,600,73056.646441
8234.669483,600,73099.277381
12742.551891,600,73148.443564
4844.521666,600,73176.921388
9634.904601,600,73219.57518
7387.014727,600,73248.058882
7638.987346,600,73276.573369
7142.034603,600,73305.053983
8128.502796,600,73368.252999
7258.068815,600,73396.732711
7523.861855,600,73425.193279
6735.988649,600,73467.768499
7860.249384,600,73496.239567
7706.181206,600,73545.292234
2813.251761,600,73573.665252
8911.549913,600,73616.220549
7952.233176,600,73644.651358
6088.779621,600,73672.974556
9089.842008,600,73736.110294
8253.717844,600,73764.552985
7525.594301,600,73792.981516
6317.988073,600,73835.56569
6897.880872,600,73864.038599
6988.731706,600,73913.208503
8107.29239,600,73941.723416
6184.036942,600,73984.314059
9024.96104,600,74012.792401
7814.224659,600,74041.260008
6830.390947,600,74104.605889
8374.177555,600,74133.08184
8175.147772,600,74161.514063
7694.274043,600,74189.986892
7847.04697,600,74233.949099
7192.597719,600,74262.430783
7915.962096,600,74311.559858
6091.76736,600,74354.072142
6569.104613,600,74382.542549
6981.361208,600,74411.016217
6712.684299,600,74453.589099
7758.480763,600,74502.446628
6530.345254,600,74530.829204
7765.131116,600,74559.2016
6664.181126,600,74601.656183
7207.442641,600,74630.106853
7872.83859,600,74679.114924
8294.657518,600,74721.747345
7634.393759,600,74750.250407
8361.888055,600,74778.71559
8175.326048,600,74807.105334
7580.35112,600,74870.619125
7016.190673,600,74899.189711
10458.242588,600,74927.760622
7511.398399,600,74970.518396
7726.032092,600,74999.030543
8713.06585,600,75048.322026
7520.244778,600,75076.827226
6299.362814,600,75119.516838
6601.05588,600,75148.078783
7527.266152,600,75176.669899
5774.145559,600,75219.551772
7718.900175,600,75268.694155
9479.057107,600,75297.266976
9915.974047,600,75340.142471
7444.357235,600,75368.700964
7589.614165,600,75397.274911
7642.696311,600,75446.685148
7260.060367,600,75489.636041
8152.873975,600,75518.137758
5779.136414,600,75546.678868
6886.947311,600,75589.575223
3943.709964,600,75638.955361
7614.344231,600,75667.552595
6162.804148,600,75696.176695
7235.42789,600,75739.010012
6881.633324,600,75767.577007
8013.731735,600,75817.031214
6387.896362,600,75859.959737
8631.491334,600,75888.515326
8220.757995,600,75917.08197
8603.413332,600,75960.024052
7358.759556,600,76009.524103
7678.343328,600,76038.009426
6636.1902,600,76066.51896
2072.649334,600,76109.368804
5250.610383,600,76137.993857
8594.446982,600,76166.587025
5709.081057,600,76230.367841
7688.820654,600,76259.022971
4774.867666,600,76287.638578
6832.24836,600,76316.32964
7405.617944,600,76359.281584
7136.430932,600,76408.943033
7042.664551,600,76437.550551
